assertion_id,rule,side,事件,结论,依据,经典原文
jk_101,五行,bazi,健康,五行缺木：肝/胆/筋骨/目 偏弱,木主肝（《黄帝内经》东方生风，风生木，木生酸，酸生肝）,《黄帝内经》东方生风，风生木，木生酸，酸生肝）
jk_102,五行,bazi,健康,五行缺火：心/小肠/血脉 偏弱,火主心（南方生热，热生火，火生苦，苦生心）,《黄帝内经》五行五脏：缺火主心/小肠/血脉偏弱
jk_103,五行,bazi,健康,五行缺土：脾/胃/肌肉 偏弱,土主脾（中央生湿，湿生土，土生甘，甘生脾）,《黄帝内经》五行五脏：缺土主脾/胃/肌肉偏弱
jk_104,五行,bazi,健康,五行缺金：肺/大肠/鼻/皮毛 偏弱,金主肺（西方生燥，燥生金，金生辛，辛生肺）,《黄帝内经》五行五脏：缺金主肺/大肠/鼻/皮毛偏弱
jk_111,五行,bazi,健康,五行缺水：肾/脑/骨 偏弱（肾主骨生髓，髓通于脑）,肾主骨生髓、脑为髓海（《黄帝内经·素问》《灵枢·海论》）,《黄帝内经·素问》《灵枢·海论》）
xg_101,五行,bazi,性情,仁慈温和、重情义、有条理,木主仁，性直情和（《滴天髓》木之性仁）,《滴天髓》木之性仁）
xg_102,五行,bazi,性情,性急外向、热情、重礼,火主礼，性急而明（《滴天髓》火之性燥）,《滴天髓》火之性燥）
xg_103,五行,bazi,性情,敦厚守信、沉稳、包容,土主信，性厚而重（《滴天髓》土之性重）,《滴天髓》土之性重）
xg_104,五行,bazi,性情,刚毅果断、重义气、原则性强,金主义，性刚而决（《滴天髓》金之性刚）,《滴天髓》金之性刚）
xg_105,五行,bazi,性情,智巧多思、善变通、城府深,水主智，性巧而流（《滴天髓》水之性聪）,《滴天髓》水之性聪）
liu_101,六亲,bazi,父星状态,父星旺而得地且不受克：父亲有地位或家计丰足（比劫夺财者父寿有损，不判无忧）,偏财（父）得地而旺 → 父荣（0131 父为政府职员）,《渊海子平》六亲论：父星（偏财）旺而得地主父亲有地位/家计丰
liu_102,六亲,bazi,父星状态,父星弱：父亲寿数/运势恐有波折,偏财（父）不得令且不强 → 父星衰（0047 父短寿）,《渊海子平》六亲论：父星弱主父亲寿数/运势波折
liu_103,六亲,bazi,父星状态,父星不现/不得地：父缘薄或父早不在身边,偏财（父）不现 → 父缘虚,《渊海子平》六亲论：父星不现主父缘薄或父早
liu_201,六亲,bazi,母星状态,母星得令：母亲康寿、荫庇厚,印（母）得令 → 母星旺（0047 母长寿）,《渊海子平》六亲论：母星（正印）得令主母亲康寿荫庇厚
liu_202,六亲,bazi,母星状态,母星弱：母亲体弱或母缘薄,印（母）不透无根 → 母星衰（0011 小时不在父母身边）,《渊海子平》六亲论：母星弱主母亲体弱或母缘薄
liu_301,六亲,bazi,父母关系,财印相战且母弱：父母关系有失和/母受压倾向,财旺克印 → 父凌母，家庭失和（《子平真诠》财印相战）,《子平真诠》财印相战）
liu_302,六亲,bazi,父母关系,父母星俱得地且无相战：父母关系大体正常,父母星各安其位 → 家庭和谐,《渊海子平》六亲论：父母星俱得地无相战主父母关系大
liu_401,六亲,bazi,兄弟,比劫旺：兄弟姐妹多或竞争多,比劫旺 → 兄弟多/同侪竞争（0011 兄弟关系淡薄）,《渊海子平》六亲论：比劫旺主兄弟姐妹多/竞争多
liu_402,六亲,bazi,兄弟,比劫不旺：兄弟姐妹少或关系淡,比劫少 → 兄弟缘薄,《渊海子平》六亲论：比劫不旺主兄弟姐妹少/关系淡
lq_301,六亲,bazi,六亲,财星（父星）受比劫所克——父寿不永/父坎坷（《滴天髓》比劫夺财父星受损；0047 火旺克金父短寿）,比劫克财主父缘/父寿受损（《滴天髓》比劫夺财）,《滴天髓》比劫夺财
liu_501,六亲,bazi,父星关系,年柱被刑 → 与父亲关系不睦（宫刑伤父宫）,年柱为父之宫位（family.md：年柱被刑→与父亲关系不睦）——星（偏财父星）宫（年柱父宫）分野,《三命通会》宫位论
liu_502,六亲,bazi,兄弟,月柱被刑 → 兄弟姐妹散落/不睦（宫刑伤兄弟宫）,月柱为兄弟姐妹宫（family.md：月柱冲刑→兄弟姐妹散落或不睦）——比劫为兄弟星，月支刑伤主散,《三命通会》宫位论
liu_503,六亲,bazi,子女关系,时柱被刑 → 与子女关系不睦（宫刑伤子女宫）,时柱为子女宫（family.md：时柱冲刑→与子女关系不睦）——子女星为男官杀/女食伤，时支刑伤主不睦,《三命通会》宫位论
zv_103,六亲,bazi,子女,八字子女星得地 + 无枭印夺食（印旺克食伤）——有子女缘；克夺之象（枭印夺食）优先于得地——子嗣艰难（《三命通会》枭神夺食子嗣艰难；0058 无儿女）,《三命通会》枭神夺食，子嗣艰难——克夺之象 > 得地之象；0058 印旺克食伤（枭印夺食）致无儿女,《三命通会》枭神夺食，子嗣艰难
zv_106b,六亲,bazi,子女,食伤重（八字）→ 子女缘（女命食伤为子女星）,女命食伤为子女星（八字六亲）——紫微子女宫看宫位状态（ziwei_zinv 承担——双盘对照）,《三命通会》论子女
zv_201,六亲,bazi,子女,时柱/命局枭印旺克食伤 → 克子息信号（子女缘薄/孕期波折）,印克食伤=克子女星（参考 mingli-skills phase6 6.5：时柱枭印克子、食伤被枭夺）,《渊海子平》论子女：枭印旺克食伤主克子息
zv_202,六亲,bazi,子女,食伤生财 → 子女富裕/有财,食伤生财主子女生财（参考 mingli-skills phase6 6.5：食伤生财→子女富裕）,《渊海子平》食伤生财：食伤生财主子女富裕有财
fam_101,出身,bazi,出身贫富,从杀格（杀旺身弱弃命从杀）——反主贵显,从杀格（杀旺身弱弃命从杀）→ 反主贵显（0117，《渊海子平》从格）,《渊海子平》从格
fam_102,出身,bazi,出身贫富,年柱官杀（祖上宫）攻身 + 财透坏印——祖业飘零、出身寒微,年柱官杀（祖上宫）攻身 + 财透坏印（家计被财所坏）→ 祖业飘零、出身寒微（《渊海子平》年上七杀；0071 印多但财坏印仍贫穷）,《渊海子平》年上七杀
fam_103,出身,bazi,出身贫富,身强任财 + 财透有根且祖上无官杀攻身——家道殷实（年柱官杀攻身者出身寒微优先，不判殷实）,身强任财 + 财透有根 → 家道殷实（F1）,《滴天髓》身强任财：身强财透有根主家道殷实（小康）
fam_104,出身,bazi,出身贫富,身强印透（财弱）且无枭神夺食——父母助力、家世有源（枭神夺食财藏无根者贫优先）,身强印透（财弱）→ 父母助力、家世有源（F0b）,《渊海子平》印绶论：身强印透有根主家世有源（中产）
fam_105,出身,bazi,出身贫富,印星有气荫庇厚——家世有源（印绶主荫庇）；财旺坏印者不在此列,印星有气荫庇厚，家世有源（印绶主母、主荫庇、主家世）；财旺者坏印，印荫庇失效不在此列（《渊海子平》财坏印）,《渊海子平》财坏印
fam_105b,出身,bazi,出身贫富,财多身弱（富屋贫人）——出身富家、家底殷实，但自身难任其财,财多身弱（富屋贫人）——出身富家、家底殷实，但自身难任其财（《三命通会》富屋贫人；0117 身弱财旺出身富贵）；印有气者走印荫庇（fam_105）不在此列,《三命通会》富屋贫人
fam_107,出身,bazi,出身贫富,印重财弱——家计平平、无财,印重财弱 → 家计平平、无财（F3）,《渊海子平》财星论 + 比劫夺财：财弱比劫重主家道中落（贫穷）
fam_107b,出身,bazi,出身贫富,枭神夺食（印星旺克食伤）+ 财藏无根——贫（生财之源被夺）,枭神夺食（印星旺克食伤）夺生财之源 + 财藏无根（财源未立）→ 贫（《渊海子平》枭神夺食主贫；0121 印旺克食伤且财藏）——财透有根者财源已立，食伤被夺不贫（0036 小康）,《渊海子平》枭神夺食
fam_108,出身,bazi,出身贫富,财多身不任——富屋贫人而不至于赤贫,财多身不任 → 富屋贫人而不至于赤贫（F4）；枭神夺食者财旺亦贫（0121）,《三命通会》富屋贫人：财旺身中和主家富己弱（普通）
fam_109-not1,出身,bazi,出身贫富,财星得地但身不任——普通盈余不多,财星得地但身不任 → 普通盈余不多（F5）；财坏印者贫穷（0071）、身强任财者小康（0036）,《三命通会》富屋贫人：财透有根而身不任主普通盈余不多
fam_109-not2,出身,bazi,出身贫富,财星得地但身不任——普通盈余不多,财星得地但身不任 → 普通盈余不多（F5）；财坏印者贫穷（0071）、身强任财者小康（0036）,《三命通会》富屋贫人：财透有根而身不任主普通盈余不多
fam_110,出身,bazi,出身贫富,身强财弱（财不透）——有稳定来源非大富,身强财弱（财不透）→ 有稳定来源非大富（F6）；身强财透有根者小康（0036）,《滴天髓》身强财弱：身强财不透主有稳定来源非大富（普通）
fam_111,出身,bazi,出身贫富,财弱身弱——出身寒微（兜底）,财弱身弱 → 出身寒微（兜底）,《渊海子平》比劫夺财：财弱比劫重主家道中落（贫穷）
shi_102,十神,bazi,事业档位,官透 + 比劫旺 + 无食伤生财 + 非主妇——循规安分，一份工做到退休,官透 + 比劫旺 + 无食伤生财 + 非主妇 → 循规安分，一份工做到退休（S5）；女命主妇者不判打工（0016）,《子平真诠》官印论：官透比劫旺而无食伤生财主循规安分（稳定）
shi_103,十神,bazi,事业档位,技术/专业,身弱食伤泄秀 → 以专业技能立身（工程师/专家/手艺）（《滴天髓》食伤泄秀）,《滴天髓》食伤泄秀）
shi_104,十神,bazi,事业档位,食伤生财 + 官杀有力身强——经商兼掌事,食伤生财 + 官杀有力身强 → 经商兼掌事,《滴天髓》食伤生财：食伤生财而比劫旺主老板兼管理层
shi_105,十神,bazi,事业档位,食伤生财（食伤透+财有根）——自我经营,食伤生财（食伤透+财有根）→ 自我经营,《滴天髓》食伤生财：食伤生财主经商/创业（老板）
shi_108,十神,bazi,事业档位,财透有根 + 非主妇——工作有财,财透有根 + 非主妇 → 工作有财；女命主妇者不判打工（0016）,《滴天髓》财星论：财透有根而无比劫夺财主工作有积蓄（打工）
shi_109,十神,bazi,事业档位,身弱无专长、无成格之象——普通务工（兜底）,身弱无格局无专长——普通务工（《子平真诠》格局无成）,《子平真诠》十神论：官杀/食伤/财皆不显主普通打工
hun_101,十神,bazi,婚姻状态,财星透干且不受克、大运无财星引动、夫妻宫无冲无寡宿——妻星得地，婚可成且稳定（宫冲/寡宿者婚可成但波折/晚——星宫同参，不判稳定）,男命财星透干且不受克 → 婚可成（《渊海子平》财星透干方为妻星得地）；夫妻宫逢冲/寡宿者婚姻过程波折或婚缘迟——星吉宫凶并存时星宫同参（《三命通会》星宫同参），不判稳定,"《渊海子平》""财星透干方为妻星得地""）"
hun_101b,十神,bazi,婚姻状态,配偶星透干（星吉）但夫妻宫被冲（宫凶）——婚可成但过程波折/多变（星宫同参）,星宫同参：配偶星透干主婚能成（《渊海子平》财星透干），夫妻宫逢冲主婚姻过程波折（《三命通会》夫妻宫冲）——星吉宫凶并存，婚可成而波折,《三命通会》星宫同参
hun_102,十神,bazi,婚姻状态,财透而比劫夺财、夫妻宫破——婚缘受损，婚而不久,财透但比劫夺财 + 夫妻宫破 → 婚变（《滴天髓》比劫夺财主婚缘受损）,《滴天髓》比劫夺财主婚缘受损）
hun_103,十神,bazi,婚姻状态,财藏支不透、比劫旺夺财、大运得妻——婚可成但多摩擦,财藏支不透 + 比劫旺夺财 + 大运得妻 → 婚可成但多摩擦；财透干者妻星显被劫（走未婚）、财混杂者妻缘不专（0134/0139）,《滴天髓》比劫夺财：男命财星为妻，比劫旺夺财主婚可成而多摩擦
hun_104,十神,bazi,婚姻状态,财藏支不透无根、比劫旺夺财、大运无财——婚缘受阻，婚难成,财藏支不透无根 + 比劫旺夺财 + 大运无财 → 婚缘受阻（M8：比劫夺财主婚缘难成）；财透干或得地者妻星显不在此列（0054/0087）,《滴天髓》比劫夺财 + 《渊海子平》财星论：财藏无根被劫主婚缘受阻
hun_105,十神,bazi,婚姻状态,财藏支、比劫不旺、大运得妻——婚可成,财藏支 + 比劫不旺 + 大运得妻 → 婚可成（M8）,《渊海子平》财星论：男命财星藏支有根主婚可成
hun_105b,十神,bazi,婚姻状态,财透干（妻星显）而比劫旺夺财、大运财至——妻星显而被劫，婚缘难成,财透干（妻星显）而比劫旺夺财 + 大运财至 → 妻星显而被劫，婚缘难成（《滴天髓》比劫夺财；0134/0139）,《滴天髓》比劫夺财
hun_105c,十神,bazi,婚姻状态,财星藏支得地（妻星有根稳定）——婚可成,财星藏支得地（妻星有根稳定）→ 婚可成；紫微天机独坐夫妻宫者独身（由紫微铁断 hun_302 承担——双盘对照）,《渊海子平》财星论 + 《紫微斗数全书》夫妻宫：财藏得地婚成，天机独坐主独身
hun_105d,十神,bazi,婚姻状态,财星藏支得地而混杂（正偏财并见妻缘不专）——婚可成但多摩擦,财星藏支得地而混杂（正偏财并见妻缘不专）→ 已婚但多摩擦（0087 24-33 娶妻情绪化）；财透干者妻星显不判波折（0054 美满）,《渊海子平》正偏财混杂：妻缘不专主已婚而多摩擦
hun_105e,十神,bazi,婚姻状态,婚姻复杂（女命官杀混杂难取清且夫星无根——感情多波折/婚恋反复）,女命官杀混杂无法取清（无合/冲解）**且夫星不得地** → 婚姻复杂多波折（《子平真诠》官杀混杂取清为贵）——夫星得地者混杂不减成婚（0153 官杀混杂但配偶星得地仍已婚育子），不适用此条；男命财混杂不适用,《子平真诠》官杀混杂取清为贵）——夫星得地者混杂不减成婚（0153 官杀混杂但配偶星得地仍已婚育子），不适用此条
hun_106,十神,bazi,婚姻状态,财藏支、比劫不重——妻星得地，婚姻正常,财藏支 + 比劫不重 → 妻星得地，婚姻正常,《渊海子平》财星论：男命财星得地（藏支有根）主婚姻正常
hun_107,十神,bazi,婚姻状态,原局财星不现、大运得财——大运引动婚缘，有婚恋机会（原局配偶星不现，婚缘薄，能否成婚视引动力度）,大运得财引动婚缘（《渊海子平》财星论）——但原局不现则婚缘薄，机会不等于已成,《渊海子平》大运得财主婚）
hun_108,十神,bazi,婚姻状态,财星不现且大运无财——妻星全无，婚缘虚,财星不现且大运无财 → 妻星全无，婚缘虚,《渊海子平》财星论：男命财星不现主婚缘虚（妻星全无）
hun_201,十神,bazi,婚姻状态,官杀全无（夫星虚）、夫妻宫破——婚而不久,官杀全无（夫星虚）+ 夫妻宫破 → 婚而不久（0013）,《渊海子平》女命章：官杀全无主夫缘虚 + 《三命通会》夫妻宫破主婚而不久
hun_202,十神,bazi,婚姻状态,官杀全无、无桃花——夫缘虚之象（独身/婚缘淡薄/婚恋不显）,官杀全无 + 无桃花 → 夫缘虚之象（独身/婚缘淡薄）（《渊海子平》女命无官杀主夫缘不显）；桃花旺者外情走离异（0013 桃花1离异 vs 0129 桃花0）。注：传统命理不断性向——婚恋取向属现代延伸，非经典断语，不作推断,《渊海子平》女命无官杀主夫缘不显）
hun_203,十神,bazi,婚姻状态,伤官透干克官杀——夫星受克，夫缘不永（克夫/夫早亡）,伤官透干克官杀 → 夫星受克（夫早亡/克夫）（0122）,《渊海子平》伤官见官：女命伤官透干克官杀主克夫/夫早亡
hun_204,十神,bazi,婚姻状态,女命官杀全无（夫缘虚）、伤官克官（克夫）——两象叠加，难婚独身之象,女命官杀全无（夫缘虚）+ 伤官克官（克夫）→ 两象叠加主独身难婚（《渊海子平》女命无官杀夫缘不显 + 伤官克官克夫）；配偶星得地者不在此列（得地=夫星实，已婚/克夫而非独身）,《渊海子平》女命无官杀夫缘不显 + 伤官克官克夫）
hun_205,十神,bazi,婚姻状态,官杀混杂（得地）——夫星不专，婚姻多波折,官杀混杂（≥3且得地）→ 夫星不专，婚姻多波折（M7，《渊海子平》官杀混杂）,《渊海子平》官杀混杂）
hun_206,十神,bazi,婚姻状态,官杀藏支弱且失令、比劫旺抗官——婚缘难成（恋情多但难婚）,官杀藏支弱且失令 + 比劫旺抗官 → 婚缘难成（恋情多但难婚）；官杀得令者夫星有力不在此列（0073/0143）,《渊海子平》女命章：官杀藏支弱而比劫抗官主婚缘难成
hun_207,十神,bazi,婚姻状态,官杀得地但受克、夫妻宫破——婚变之象（比劫抗官+宫破）,官杀得地但受克 + 夫妻宫破 → 婚变（比劫抗官+宫破）,《渊海子平》女命章 + 《三命通会》夫妻宫论：官杀受克而夫妻宫破主婚变
hun_208,十神,bazi,婚姻状态,官杀得地、无食伤克官、无寡宿——夫星得地，婚姻正常,官杀得地 + 无食伤克官 + 无寡宿 → 夫星得地婚姻正常（《渊海子平》官杀得地主婚成）；食伤克官者夫星被制（0122 夫早亡）、寡宿者婚姻孤（0035 桃花+寡宿离异）,《渊海子平》官杀得地主婚成）
hun_209,十神,bazi,婚姻状态,官杀存而不得地、不受克——夫星平常但婚姻正常,官杀存而不得地、不受克 → 夫星平常但婚姻正常（0054）,《渊海子平》女命章：官杀存而不得地主夫星平常但婚姻正常
hun_210,十神,bazi,婚姻状态,女命食伤旺克夫星、官杀不现、桃花引婚恋——有婚而克夫,女命食伤旺克夫星 + 官杀不现 + 桃花红鸾引婚恋 → 有婚而克夫，婚变离异（《女命赋》食伤重者克夫；《三命通会》桃花主外情；0013 食伤5+桃花红鸾）,《女命赋》食伤重者克夫；《三命通会》桃花主外情
hun_401,十神,bazi,婚姻质量,夫妻宫被冲 → 婚姻波折（多婚/不稳信号）,夫妻宫逢冲主波折（《三命通会》夫妻宫论；参考 mingli-skills phase6 6.3）,《三命通会》夫妻宫论
hun_402,十神,bazi,婚姻质量,夫妻宫被合 → 配偶心不在家/他人介入,夫妻宫逢合主配偶心移（《三命通会》；参考 mingli-skills phase6）,《三命通会》
hun_403,十神,bazi,婚姻质量,夫妻宫被刑 → 婚姻矛盾/痛苦,夫妻宫逢刑主矛盾（《三命通会》；参考 mingli-skills phase6）,《三命通会》
hun_408b,十神,bazi,婚姻状态,寡宿临命 + 配偶星得地 + 大运无引动 + 不混杂——婚缘迟/独身倾向（寡宿主孤；混杂者妻缘杂不主独身——0054 已婚）,寡宿华盖主孤——婚缘迟独身（《三命通会》寡宿主孤）,《三命通会》寡宿主孤
hun_410,十神,bazi,婚姻质量,夫妻宫逢害 → 感情冷淡、婚姻隐匿伤害（暗伤隐忍，非骤变冲突）,夫妻宫逢害主感情冷淡/暗伤（《三命通会》夫妻宫论）：害主阴损隐忍，异于刑之矛盾、冲之变动——含蓄忍耐型不顺,《三命通会》夫妻宫论
xg_501,十神,bazi,性格,伤官配印 → 出风头/急性子被收敛，主象内敛有才、涵养、可靠（印系）,"伤官配印：正印透干制伤官（《子平真诠》伤官佩印）——性格取""内敛有才""不取""外向张扬""（fangfa/shishen.md）","《子平真诠》伤官佩印）——性格取""内敛有才""不取""外向张扬""（fangfa/shishen.md）"
xg_502,十神,bazi,性格,七杀有制（食神制杀）→ 有胆识但不鲁莽，冲动被约束,"食神制杀：七杀冲动被化（《三命通会》食神制杀）——主象""有胆识不鲁莽""（fangfa/shishen.md）","《三命通会》食神制杀）——主象""有胆识不鲁莽""（fangfa/shishen.md）"
xg_503,十神,bazi,性格,"枭神夺食 → 情绪压抑、多思多虑、才华被抑（先于""食神生财""取象）",枭神夺食主情绪受抑（《渊海子平》枭神夺食）——先于财象取（fangfa/shishen.md）,《渊海子平》枭神夺食）——先于财象取（fangfa/shishen.md）
xg_504,十神,bazi,性格,"劫财夺财 → 家道中落、钱财留不住、兄弟朋友分财（先于""财星当令""取象）",比劫夺财主财被分（《滴天髓》比劫夺财）——先于财旺取（fangfa/shishen.md）,《滴天髓》比劫夺财）——先于财旺取（fangfa/shishen.md）
xg_601,十神,bazi,性格,日主甲木 → 刚直正义、宁折不弯（阳木）,十干性格基调（参考 mingli-skills phase6 6.6）,《三命通会》十干性情：甲木主刚直正义、宁折不弯
xg_602,十神,bazi,性格,日主乙木 → 柔韧灵活、善变通（阴木）,十干性格基调（参考 mingli-skills phase6）,《三命通会》十干性情：乙木主柔韧灵活、善变通
xg_603,十神,bazi,性格,日主丙火 → 热情慷慨、光明磊落（阳火）,十干性格基调（参考 mingli-skills phase6）,《三命通会》十干性情：丙火主热情慷慨、光明磊落
xg_604,十神,bazi,性格,日主丁火 → 温和谨慎、慢热保守（阴火）,十干性格基调（参考 mingli-skills phase6）,《三命通会》十干性情：丁火主温和谨慎、慢热保守
xg_605,十神,bazi,性格,日主戊土 → 厚重沉稳、固执（阳土）,十干性格基调（参考 mingli-skills phase6）,《三命通会》十干性情：戊土主厚重沉稳、固执
xg_606,十神,bazi,性格,日主己土 → 温和善纳、学习力强（阴土）,十干性格基调（参考 mingli-skills phase6）,《三命通会》十干性情：己土主温和善纳、学习力强
xg_607,十神,bazi,性格,日主庚金 → 刚毅果断、豪侠仗义（阳金）,十干性格基调（参考 mingli-skills phase6）,《三命通会》十干性情：庚金主刚毅果断、豪侠仗义
xg_608,十神,bazi,性格,日主辛金 → 精致温润、外柔内刚（阴金）,十干性格基调（参考 mingli-skills phase6）,《三命通会》十干性情：辛金主精致温润、外柔内刚
xg_609,十神,bazi,性格,日主壬水 → 胸怀开阔、冲劲强（阳水）,十干性格基调（参考 mingli-skills phase6）,《三命通会》十干性情：壬水主胸怀开阔、冲劲强
xg_610,十神,bazi,性格,日主癸水 → 细腻敏锐、适应力强（阴水）,十干性格基调（参考 mingli-skills phase6）,《三命通会》十干性情：癸水主细腻敏锐、适应力强
xg_711,十神,bazi,性格,日主长生在月令——生机旺盛、有活力,日主长生主生机活力（《三命通会》十二长生）,《三命通会》十二长生
xg_712,十神,bazi,性格,日主帝旺在月令——身极强、刚健,日主帝旺主身极强刚健（《三命通会》十二长生）,《三命通会》十二长生
xg_713,十神,bazi,性格,日主墓在月令——收藏内敛,日主墓主收藏内敛（《三命通会》十二长生）,《三命通会》十二长生
xg_714,十神,bazi,性格,日主绝在月令——气衰、消沉,日主绝主气衰消沉（《三命通会》十二长生）,《三命通会》十二长生
xg_m01,十神,bazi,月令主面,温和仁厚、守规矩、重名声（印主内敛）,月令本气为正印 → 性格主面仁厚守礼（《子平真诠》月令提纲主性；印星主德主静）,《子平真诠》月令提纲
xg_m02,十神,bazi,月令主面,内敛敏感、多思机巧、喜独处（枭神主偏）,月令本气为偏印 → 主面内敛敏感机巧（《渊海子平》枭神主偏门智慧、孤僻敏感；pan03/05/09/12/30 评测验证）,《渊海子平》枭神论
xg_m03,十神,bazi,月令主面,聪明外露、爱表现、不拘小节（伤官主表达）,月令本气为伤官 → 主面聪明外露（《子平真诠》伤官主才艺表达）,《子平真诠》伤官
xg_m04,十神,bazi,月令主面,温和知足、善享福、口福好（食神主享）,月令本气为食神 → 主面温和知足（《渊海子平》食神主福禄）,《渊海子平》食神
xg_m05,十神,bazi,月令主面,端正守礼、重规则、负责任（官星主正）,月令本气为正官 → 主面端正守礼（《子平真诠》正官主贵气守正；pan06 评测验证）,《子平真诠》正官
xg_m06a-not1,十神,bazi,月令主面,原则性强、有魄力威严（身强七杀得用）,月令本气为七杀 + 身强 → 主面原则魄力威严（《子平真诠》七杀主威；pan32 身强有原则 评测验证）,《子平真诠》七杀
xg_m06a-not2,十神,bazi,月令主面,原则性强、有魄力威严（身强七杀得用）,月令本气为七杀 + 身强 → 主面原则魄力威严（《子平真诠》七杀主威；pan32 身强有原则 评测验证）,《子平真诠》七杀
xg_m06b,十神,bazi,月令主面,胆小压抑（身弱受制）,月令本气为七杀 + 身弱 → 主面胆小压抑（《子平真诠》七杀主威身弱受制；pan07 身弱胆小 评测验证）,《子平真诠》七杀
xg_m07,十神,bazi,月令主面,务实可靠、重物质、勤俭（正财主实）,月令本气为正财 → 主面务实可靠（《渊海子平》正财主勤俭务实；pan29 评测验证）,《渊海子平》正财
xg_m08,十神,bazi,月令主面,慷慨大方、善交际、豪爽（偏财主阔）,月令本气为偏财 → 主面慷慨善交际（《渊海子平》偏财主豪爽慷慨）,《渊海子平》偏财
xg_m09,十神,bazi,月令主面,自立自强、重朋友、有主见（比肩主自立）,月令本气为比肩 → 主面自立有主见（《渊海子平》比肩主自立）,《渊海子平》比肩
xg_m10,十神,bazi,月令主面,好胜强势、行动力强、仗义（劫财主争强）,月令本气为劫财 → 主面好胜强势（《渊海子平》劫财主争强好胜；pan18/27 评测验证）,《渊海子平》劫财
xue_201,十神,bazi,学历层次,印星得月令而旺 + 官杀得令——官印相生成格，科甲至顶,印星得月令而旺 + 官杀得令（官印相生）→ 科甲至顶（《三命通会》官印相生主科甲；0027）,《三命通会》官印相生主科甲
xue_202,十神,bazi,学历层次,印星透干 + 官杀透干——印绶得用，成学有望,印星透干 + 官杀透干（官印相生）→ 印绶得用成学（《渊海子平》官印相生；0006）,《渊海子平》官印相生
xue_203,十神,bazi,学历层次,原局无印 + 食伤透 + 官杀透——秀气泄才 + 官星引学,原局无印 + 食伤透 + 官杀透 → 秀气泄才 + 官星引学（《三命通会》食伤主才学；0082）,《三命通会》食伤主才学
xue_204,十神,bazi,学历层次,原局无印 + 食伤透而有根——秀气泄才，成学之象,原局无印 + 食伤透而有根 → 秀气泄才成学（《三命通会》食伤主才学；0082）,《三命通会》食伤主才学
xue_205,十神,bazi,学历层次,财透坏印（印绶被财破）——学途中断,财透坏印（印绶被财破）→ 学途中断（《三命通会》财星坏印主学途受阻；0025）；印透者印重走小学（0057）,《三命通会》财星坏印主学途受阻
xue_206,十神,bazi,学历层次,财坏印 + 官杀得令 + 食伤透（泄秀补救）——学可至中学,财坏印 + 官杀得令 + 食伤透（泄秀补救）→ 学至中学（0072）,《三命通会》财坏印学途受阻、食伤泄秀补救
xue_207,十神,bazi,学历层次,财坏印 + 官杀得令 + 无食伤泄秀——压力求学，学历中低,财坏印 + 官杀得令 + 无食伤泄秀 → 压力求学学历中低（0111）,《三命通会》财坏印学途受阻
xue_208,十神,bazi,学历层次,印星旺（杂）主愚 + 官杀得令 + 无食伤泄秀——学历中低,印星旺（杂）主愚 + 官杀得令 + 无食伤泄秀 → 学历中低（《子平真诠》印绶太多则身强印杂；0156）,《子平真诠》印绶太多则身强印杂
xue_209,十神,bazi,学历层次,印星旺而透 + 无官杀生印无食伤泄秀——印多主愚，学途浅,印星旺而透 + 无官杀生印无食伤泄秀 → 印多主愚、学至小学（《渊海子平》枭印夺食主愚；0057）,《渊海子平》枭印夺食主愚
tz_105,十神,bazi,房产,八字财星得地 + 印星旺 → 置业能力（财为房产、印为屋宅庇荫）,财星入墓/得地主房产，印星主屋宅（《三命通会》论田宅）,《三命通会》论田宅）
tz_106b,十神,bazi,房产,财星得地（八字）→ 有置产能力,八字财星得地为财可任（置产能力）——紫微田宅宫看房产（ziwei_tianzhai 承担——双盘对照）,《紫微斗数全书》田宅宫论
cai_103,十神,bazi,财运,有房产/积蓄（财得地藏支）,财得令而藏 → 财星得地，有不动产/积蓄（0104 二间公寓）,《渊海子平》财星论：财得地藏支主有房产/积蓄
cai_105,十神,bazi,财运,财源广进（技艺/口才生财，偏财尤佳）,食伤生财 → 以才华技艺生财，财源不断（《滴天髓》食伤生财）；0103 高收入/0069 忽然赚大钱,《滴天髓》食伤生财）
cai_106,十神,bazi,财运,财来财去，有财难守（比劫夺财但财得地）,比劫夺财 + 财得令（非弱）→ 财来财去、难积蓄（《滴天髓》比劫夺财分两型：财弱=破财无财，财得地=有财被劫）；0128 财来财去,《滴天髓》比劫夺财分两型：财弱=破财无财，财得地=有财被劫）
cai_107,十神,bazi,财运,驿马 + 比劫夺财 → 外出合伙破财（合作散财/异地财损）,驿马主动迁+比劫夺财 → 外出合作易散财（《滴天髓》比劫夺财、驿马迁移）；fangfa/fangfa/caiyun.md 破财细分,《滴天髓》比劫夺财、驿马迁移）
cai_108,十神,bazi,财运,比劫夺财 + 财无根 → 无蓄财观念（钱来钱去），理财/积蓄难,比劫夺财+财无根 → 财来财去无积蓄（《滴天髓》）；田宅吉星只论置产不论理财（fangfa/fangfa/caiyun.md 判据）,《滴天髓》）
cai_109,十神,bazi,财运,身弱财透克印 → 得财即损根基（财为压力非财富，财坏印）,身弱不胜财，财透克印 → 得财损根基（《子平真诠》财坏印；fangfa/fangfa/caiyun.md 财印关系）,《子平真诠》财坏印
cai_201,十神,bazi,财运,财库现且财星入墓 → 蓄财之象（财藏库中，善积蓄/家底实）,"财库论（《三命通会》""财库喜藏，藏则富""）——财星入库者善积蓄（参考 mingli-skills phase6）","《三命通会》""财库喜藏，藏则富""）——财星入库者善积蓄（参考 mingli-skills phase6）"
cai_202,十神,bazi,财运,有财库但财未入库 → 财库虚设，蓄财力一般（财过手多）,财库需财星入方为实库（《三命通会》财库论；参考 mingli-skills phase6）,《三命通会》财库论
cai_204,十神,bazi,财运,中上财富（食神生财 + 身财两停——才华变现）,财富层次（参考 mingli-skills phase6：中上=食神生财+身财两停）,《滴天髓》食伤生财：食神生财而身财两停主中上财富
cai_301,十神,bazi,财运,正财透干 → 稳定收入（工资/工薪/实业）,正财主稳定收入（《渊海子平》正财论；参考 mingli-skills phase6 6.2）,《渊海子平》正财论
cai_302,十神,bazi,财运,偏财透干 → 投资/副业/投机收入（偏门财）,偏财主投机投资（《渊海子平》偏财论；参考 mingli-skills phase6）,《渊海子平》偏财论
cai_303,十神,bazi,财运,正偏财混杂 → 综合收入型（主业+副业并进）,财星混杂主多源收入（参考 mingli-skills phase6：正偏财混杂→综合收入型）,《渊海子平》正偏财论：正偏财混杂主综合收入型
cy_301,十神,bazi,财运,印星旺而财藏不透——财为印夺，理财无观念/财由母（长辈）代管（《三命通会》印绶夺财；0030）,印绶夺财——财藏被印化，财不由己（《三命通会》）,《三命通会》印绶夺财
cai_304,十神,bazi,财运,财星现（原局有财）→ 有财源命基；财为喜用时见财可得，财为忌时见财即耗（须配合用忌）,财星定有无、身强定胜负（wealth.md 开篇第一判据）；原局见财为财源之基（《渊海子平》财星论）——用忌定得失,《渊海子平》财星论
zy_105,十神,bazi,职业类型,官印主公职/体制/文教（国企/公务员/教师/文职）——官印相生主名分稳定,官印类象：体制、名分、文书（《子平真诠》官印相生）；0157 国企/0141 高管印旺,《子平真诠》官印相生）
zy_106,十神,bazi,职业类型,比劫伤官主创业/自营（老板/个体/合伙人）——比劫自主+伤官才华不服管,比劫类象：自主竞争；伤官类象：才华不受拘束 → 创业（《子平真诠》）；0012/0088 老板伤官比劫旺,《子平真诠》）
zy_107,十神,bazi,职业类型,食伤旺 + 正财旺——销售/中介/保险类职业（食伤口才+正财经营；0039 偏印旺亦做保险——偏印旺不排除销售类）,食伤生财类象：以技艺口才生财（《滴天髓》食伤生财）；0039 保险食神正财,《滴天髓》食伤生财）
xg_201,十神,bazi,性情,聪明外露、不拘小节、爱表现,伤官主才华外露、叛逆不拘（《滴天髓》伤官者聪明俊秀）,《滴天髓》伤官者聪明俊秀）
xg_202,十神,bazi,性情,好胜强势、行动力强、仗义,劫财主竞争好胜、敢作敢为,《滴天髓》比劫论：比劫旺主好胜强势、行动力强
xg_203,十神,bazi,性情,仁厚保守、顾虑多、重名声,正印主仁慈守成、思虑周详,《子平真诠》印绶论：印星主仁厚保守、重名声
xg_204,十神,bazi,性情,威严果决、魄力强、不服输,七杀主威严魄力、雷厉风行（《滴天髓》七杀者性烈）,《滴天髓》七杀者性烈）
xg_205,十神,bazi,性情,温和知足、善享受、口福好,食神主温和享受、才艺从容,《渊海子平》食神论：食神主温和知足、善享受
xg_206,十神,bazi,性情,慷慨大方、善交际、理财活,偏财主慷慨灵活、交际广,《渊海子平》偏财论：偏财主慷慨大方、善交际
zy_101,十神,bazi,职业类型,偏印主玄学/偏门/不动产/特殊行业（命理风水/殡葬/房产田宅/心理咨询）——同时偏印主技术/工程/研发/体育健身/医疗技术（偏门技术不走主流路线）——偏印主神秘玄学与非主流，但也主专业技能型工作,偏印类象：玄学、偏门、技术（《子平真诠》偏印主偏业）——偏印主特殊技能包括工程技术、体育训练、医疗技术,《子平真诠》偏印主偏业）
zy_102,十神,bazi,职业类型,食伤主技术/才艺/口才类职业（工程师/教练/创作/表演/技艺）——食伤吐秀主才华,食伤类象：技艺、才华、表达（《滴天髓》食伤泄秀）；0027 工程师/0154 教练/0123 卖艺,《滴天髓》食伤泄秀）
zy_103,十神,bazi,职业类型,正财主财务/正当经营（会计/金融/出纳/稳定生意）——财星主财,正财类象：财务、正当财源（《子平真诠》财星）；0115 会计正财透,《子平真诠》财星）
zy_104,十神,bazi,职业类型,七杀主武职/管理/竞争性行业（军警/执法/管理/江湖）——杀主权柄威严,七杀类象：武职、权柄、竞争（《渊海子平》七杀主武）；0132 酒吧老板七杀,《渊海子平》七杀主武）
jk_311,合会,bazi,健康,三合成局（寅午戌火局）→ 火极旺，心/小肠/血脉亢盛（旺极转忌，防宿疾）,三合局成=该五行聚气旺极（app/health.md 过旺阈值：三合局/三会方→旺极转忌）；三合火局主心火亢（hehui.md）,《滴天髓》旺极转忌
jk_312,合会,bazi,健康,三合成局（巳酉丑金局）→ 金极旺，肺/鼻/皮毛亢盛（旺极转忌，防宿疾）,三合局成=该五行聚气旺极（app/health.md 过旺阈值）；三合金局主肺金燥（hehui.md）,《滴天髓》旺极转忌
jk_313,合会,bazi,健康,三合成局（申子辰水局）→ 水极旺，肾/膀胱/耳亢盛（旺极转忌，防宿疾）,三合局成=该五行聚气旺极（app/health.md 过旺阈值）；三合水局主肾水泛（hehui.md）,《滴天髓》旺极转忌
jk_314,合会,bazi,健康,三合成局（亥卯未木局）→ 木极旺，肝/胆/筋骨亢盛（旺极转忌，防宿疾）,三合局成=该五行聚气旺极（app/health.md 过旺阈值）；三合木局主肝木盛（hehui.md）,《滴天髓》旺极转忌
jk_315,合会,bazi,健康,三会成方（寅卯辰木方）→ 木极旺，肝/胆/筋亢盛（旺极转忌，防宿疾）,三会方成=该五行一方聚气旺极（app/health.md 过旺阈值）；三会木方主肝木亢（hehui.md）,《滴天髓》旺极转忌
jk_316,合会,bazi,健康,三会成方（巳午未火方）→ 火极旺，心/小肠/血脉亢盛（旺极转忌，防宿疾）,三会方成=该五行一方聚气旺极（app/health.md 过旺阈值）；三会火方主心火亢（hehui.md）,《滴天髓》旺极转忌
jk_317,合会,bazi,健康,三会成方（申酉戌金方）→ 金极旺，肺/鼻/皮毛亢盛（旺极转忌，防宿疾）,三会方成=该五行一方聚气旺极（app/health.md 过旺阈值）；三会金方主肺金燥（hehui.md）,《滴天髓》旺极转忌
jk_318,合会,bazi,健康,三会成方（亥子丑水方）→ 水极旺，肾/膀胱/耳亢盛（旺极转忌，防宿疾）,三会方成=该五行一方聚气旺极（app/health.md 过旺阈值）；三会水方主肾水泛（hehui.md）,《滴天髓》旺极转忌
zh_101,合会,bazi,十神组合,枭神夺食：有福难享，健康/子女隐忧,偏印夺食神（食神为福寿之源）→ 福气被夺（《三命通会》枭神夺食，非食在柱干）,《三命通会》枭神夺食，非食在柱干）
zh_102,合会,bazi,十神组合,羊刃驾杀：杀刃相济，掌权/武贵，性格刚毅,七杀得羊刃制化 → 杀刃相济，武职掌权（《渊海子平》羊刃驾杀）,《渊海子平》羊刃驾杀）
zh_103,合会,bazi,十神组合,伤官见官：口舌是非，官非/变动倾向,伤官与正官两强相见 → 为祸百端（《渊海子平》伤官见官为祸百端，无印则真）,《渊海子平》伤官见官为祸百端，无印则真）
zh_104,合会,bazi,十神组合,食神制杀——以食制杀，贵而掌权,食伤旺制七杀，以食制杀为用（《渊海子平》）,《渊海子平》食神制杀
zh_106,合会,bazi,十神组合,财旺生官——财官双美，富贵双全,财旺生官，财官双美主富贵（《渊海子平》）,《渊海子平》财官双美
zh_201,合会,bazi,天干五合,甲己合土——中正之合，主人稳重守信，合化成功则土性增强,甲己合化土，中正之合（《三命通会》天干五合）,《三命通会》天干五合：甲己合化土
zh_202,合会,bazi,天干五合,乙庚合金——仁义之合，主人刚义果决，合化成功则金性增强,乙庚合化金，仁义之合（《三命通会》天干五合）,《三命通会》天干五合：乙庚合化金
zh_203,合会,bazi,天干五合,丙辛合水——威制之合，主人威严，合化成功则水性增强,丙辛合化水，威制之合（《三命通会》天干五合）,《三命通会》天干五合：丙辛合化水
zh_204,合会,bazi,天干五合,丁壬合木——淫匿之合，主人多情，合化成功则木性增强,丁壬合化木，淫匿之合，主多情多欲（《三命通会》天干五合）,《三命通会》天干五合：丁壬合化木
zh_205,合会,bazi,天干五合,戊癸合火——无情之合，主人外表合群内心独立，合化成功则火性增强,戊癸合化火，无情之合（《三命通会》天干五合）,《三命通会》天干五合：戊癸合化火
zh_206,合会,bazi,地支六合,子丑合土——代表亲密结合，人际和谐,子丑合化土，主结合亲近（《三命通会》地支六合）,《三命通会》地支六合
zh_207,合会,bazi,地支六合,寅亥合木——合作共生，互相滋养,寅亥合化木，主合作共赢,《三命通会》地支六合
zh_208,合会,bazi,地支六合,卯戌合火——热情结合，暗中相合,卯戌合化火，主暗中结合,《三命通会》地支六合
zh_209,合会,bazi,地支六合,辰酉合金——亲密友善，相亲相爱,辰酉合化金，主亲和友善,《三命通会》地支六合
zh_210,合会,bazi,地支六合,巳申合水——先合后刑，关系复杂,巳申既合又刑，主关系先好后复杂,《三命通会》地支六合
zh_211,合会,bazi,地支六合,午未合土——内外配合，互助互益,午未合化土，主内外配合,《三命通会》地支六合
zh_212,合会,bazi,地支三合,申子辰三合水局——水势大旺，智慧/流动/变化增强,申子辰合水局，水属性大旺,《三命通会》地支三合
zh_213,合会,bazi,地支三合,亥卯未三合木局——木势大旺，仁慈/成长/扩张增强,亥卯未合木局，木属性大旺,《三命通会》地支三合
zh_214,合会,bazi,地支三合,寅午戌三合火局——火势大旺，热情/行动/表达增强,寅午戌合火局，火属性大旺,《三命通会》地支三合
zh_215,合会,bazi,地支三合,巳酉丑三合金局——金势大旺，果断/规则/收敛增强,巳酉丑合金局，金属性大旺,《三命通会》地支三合
zh_216,合会,bazi,地支三会,寅卯辰三会东方木——木气最旺，仁慈/成长力极强,寅卯辰会东方木，三会力量大于三合,《三命通会》地支三会
zh_217,合会,bazi,地支三会,巳午未三会南方火——火气最旺，热情/行动力极强,巳午未会南方火，三会力量大于三合,《三命通会》地支三会
zh_218,合会,bazi,地支三会,申酉戌三会西方金——金气最旺，果断/规则性极强,申酉戌会西方金，三会力量大于三合,《三命通会》地支三会
zh_219,合会,bazi,地支三会,亥子丑三会北方水——水气最旺，智慧/流动性极强,亥子丑会北方水，三会力量大于三合,《三命通会》地支三会
zh_220,合会,bazi,地支六冲,子午相冲——水火交战，情绪波动/人际冲突,子午冲主情绪波动，水火不容,《三命通会》地支六冲
zh_221,合会,bazi,地支六冲,丑未相冲——土库相冲，财库冲开/变动,丑未冲主财库冲开，变动有关,《三命通会》地支六冲
zh_222,合会,bazi,地支六冲,寅申相冲——金木交战，奔波/变动/交通,寅申冲主驿马变动，奔波外出,《三命通会》地支六冲
zh_223,合会,bazi,地支六冲,卯酉相冲——金木交战，约束/纪律/变化,卯酉冲主约束变化,《三命通会》地支六冲
zh_224,合会,bazi,地支六冲,辰戌相冲——土库相冲，事业变动/人际变化,辰戌冲主事业变动,《三命通会》地支六冲
zh_225,合会,bazi,地支六冲,巳亥相冲——水火交战，远行/迁移/内心冲突,巳亥冲主远行迁移,《三命通会》地支六冲
zh_226,合会,bazi,地支六害,子未相害——暗中有损，人际关系暗碍,子未害主暗中损害,《三命通会》地支六害
zh_227,合会,bazi,地支六害,丑午相害——内耗暗损，合作有碍,丑午害主内耗,《三命通会》地支六害
zh_228,合会,bazi,地支六害,寅巳相害——受制于人，竞争受碍,寅巳害主受制,《三命通会》地支六害
zh_229,合会,bazi,地支六害,卯辰相害——明争暗斗，人际暗碍,卯辰害主争斗,《三命通会》地支六害
zh_230,合会,bazi,地支六害,申亥相害——暗中损耗，决策受碍,申亥害主暗损,《三命通会》地支六害
zh_231,合会,bazi,地支六害,酉戌相害——暗害嫉妒，小人暗害,酉戌害主暗害,《三命通会》地支六害
zh_232,合会,bazi,地支相刑,寅巳申三刑（无恩之刑）——恩将仇报，忘恩负义之象,寅巳申为无恩之刑，主恩将仇报,《三命通会》地支三刑
zh_233,合会,bazi,地支相刑,丑戌未三刑（持势之刑）——仗势欺人，官非诉讼,丑戌未为持势之刑，主官非诉讼,《三命通会》地支三刑
zh_234,合会,bazi,地支相刑,子卯相刑（无礼之刑）——无礼冒犯，两代不和,子卯为无礼之刑，主无礼冒犯,《三命通会》地支三刑
wai_101-or1,外貌,bazi,身材,身材高瘦细长、身姿挺拔,木主条达舒展，日主木旺 → 高瘦挺拔（0118 乙木高瘦）,《麻衣相法》五行形相：木形人身姿修长挺拔
wai_101-or2,外貌,bazi,身材,身材高瘦细长、身姿挺拔,木主条达舒展，日主木旺 → 高瘦挺拔（0118 乙木高瘦）,《麻衣相法》五行形相：木形人身姿修长挺拔
wai_102,外貌,bazi,身材,身材细瘦、骨感（木受制则形弱）,木被金克 → 形体受制，细瘦,《麻衣相法》五行形相：木受制则形体清瘦骨感
wai_103,外貌,bazi,身材,身材偏矮、体态敦实（土多主厚重）,木日主而土多（土主敦实厚重）→ 压其条达，偏矮实（0009 甲木土3矮胖）,《麻衣相法》五行形相：土形人体态敦实偏矮
wai_104,外貌,bazi,身材,骨架清朗、体格健壮,金主骨相刚健 → 骨架分明/健壮（0155 庚金健壮）,《麻衣相法》五行形相：金形人骨架清朗体格健壮
wai_105,外貌,bazi,外貌,皮肤白皙,金主白色 → 金旺肤色白（0118 金旺白皙）,《麻衣相法》五行形相：金水主肤白
wai_106,外貌,bazi,身材,体态圆润、偏丰盈,水主润下趋圆 → 圆润丰满,《麻衣相法》五行形相：水形人体态丰盈
wai_107,外貌,bazi,身材,身材中高、偏瘦、面部尖削,火主炎上尖透 → 中高偏瘦,《麻衣相法》五行形相：火形人面尖削、中高偏瘦
wai_108,外貌,bazi,身材,体态敦实、偏矮,土主厚重 → 敦实偏矮,《麻衣相法》五行形相：土多主敦实偏矮
wai_109,外貌,bazi,身材,身材偏瘦（食伤泄秀主清瘦；水土日主不在此列）,日主木 + 食伤泄秀 → 形体清瘦,《麻衣相法》五行形相：食伤泄秀主形体清瘦
wai_109b,外貌,bazi,身材,身材偏瘦（食伤泄秀主清瘦；水土日主不在此列）,日主火 + 食伤泄秀 → 形体清瘦,《麻衣相法》五行形相：食伤泄秀主形体清瘦
wai_109c,外貌,bazi,身材,身材偏瘦（食伤泄秀主清瘦；水土日主不在此列）,日主金 + 食伤泄秀 → 形体清瘦,《麻衣相法》五行形相：食伤泄秀主形体清瘦
wai_110,外貌,bazi,身材,体态敦实（印重主丰实）,印星重 → 形体丰实,《麻衣相法》五行形相：印重主丰实敦厚
dy_101,大运,bazi,大运定性,大运有配偶星（男财/女官）→ 该运内婚缘/配偶事主导,配偶星得地大运 → 婚缘实（岁运论）,《三命通会》论大运：大运有配偶星主该运婚动
dy_102a,大运,bazi,大运比劫,大运比劫 + 身强 → 破财/合伙纠纷/竞争（比劫夺财）,身强大运比劫 → 比劫夺财破财（《滴天髓》比劫夺财）,《滴天髓》比劫夺财
dy_102b,大运,bazi,大运比劫,大运比劫 + 身弱 → 帮身得助（吉，比劫助身）,身弱大运比劫 → 比劫帮身得助（《子平真诠》身弱喜比劫）,《子平真诠》身弱喜比劫
dy_102c,大运,bazi,大运比劫,大运比劫 + 身中和 → 朋友/同侪竞争与助力并存（比劫平运，吉凶看流年）,身中和遇大运比劫 → 比劫平运，朋友竞争与助力并存（《子平真诠》比劫论）,《子平真诠》比劫论
dy_103,大运,bazi,大运定性,大运官杀 → 官非/压力/事业（身弱官杀为忌则官非）,官杀主官非、压力、职权（身弱则官杀攻身）,《三命通会》论大运：大运官杀主官非/压力/事业
dy_104,大运,bazi,大运定性,大运印星 → 学业/贵人/房产（印主文书、庇护、房屋）,印绶主学业文书、房屋庇护（《渊海子平》印绶）,《渊海子平》印绶）
dy_105,大运,bazi,大运定性,大运食伤 → 才艺/变动/创业（泄秀吐秀，身弱则耗）,食伤主才艺表达、创业变动（《滴天髓》食伤吐秀）,《滴天髓》食伤吐秀）
cai_110,大运,bazi,财运,比劫大运 → 破财期（合伙/争斗/开销大）,比劫运夺财（《滴天髓》比劫运主破财；fangfa/fangfa/caiyun.md 大运方向）,《滴天髓》比劫运主破财
cai_111,大运,bazi,财运,食伤大运 → 技术/投资得财（食伤生财）,食伤运生财（《滴天髓》食伤生财；fangfa/fangfa/caiyun.md 大运方向）,《滴天髓》食伤生财
yj_102,年五行,bazi,流年身体损,流年支受克——身体/脏腑受损,流年地支受克 → 地支主内腑，受克主病（yingqi ying_h21 同构）,《渊海子平》地支受克
ying_h21,年五行,bazi,健康,本命五行亢（旺）而流年支受其克——健康凶年（本命失衡+流年引动应病；0005 本命土金旺克 2020 子水——健康出问题）,本命五行亢而流年受克应病（《滴天髓》五行情偏为病）,《滴天髓》五行情偏为病
yliu_101,年六亲,bazi,流年六亲灾,配偶星受克——亲密关系/家庭灾候选,流年配偶星克 → 配偶或亲密关系受损，连带家庭动荡（《滴天髓》六亲星受克）,《滴天髓》六亲星受克
yliu_102,年六亲,bazi,流年六亲动,配偶宫位冲——家庭变动候选,流年配偶星冲引动配偶宫 → 家庭/亲密关系变动候选（《三命通会》冲主变动）,《三命通会》冲
yliu_103,年六亲,bazi,流年六亲凶,配偶星现而被克——凶应,流年配偶星透干且受克 → 凶应（配偶现而受克，同构 hun 婚变）,《滴天髓》
ymar_101,年六亲,bazi,流年婚动,流年婚动强——配偶星透干且值夫妻宫，成婚一级候选,流年配偶星透干 + 值夫妻宫（配偶星实至宫位）→ 成婚实据（《渊海子平》配偶星透干方为妻星得地；MingLi-Bench 应期题）,《渊海子平》配偶星透干
ymar_102,年六亲,bazi,流年婚动,换运首年 + 配偶星透干——一级成婚候选,大运交接首年主变 + 配偶星透干 → 成婚一级候选（《三命通会》换运主大变动；考时准则 3）,《三命通会》换运
ymar_103,年六亲,bazi,流年婚动,大运配偶星窗口内透干——成婚候选,大运为配偶星运且流年透配偶星 → 成婚候选（《渊海子平》大运财星引动婚）,《渊海子平》大运配偶星
ymar_104,年六亲,bazi,流年婚动,流年配偶星合会 + 配偶星透干——婚动/成婚候选,流年地支合会引动夫妻宫 + 配偶星透 → 婚缘聚合（《三命通会》合会主婚动；0063 合会+透）,《三命通会》合会
ymar_105,年六亲,bazi,流年婚动,流年婚动强——配偶星值宫,流年配偶星值夫妻宫 → 婚动强信号（0068/0076 值宫）,《渊海子平》配偶星得地
ymar_106,年六亲,bazi,流年婚恋,流年配偶星合会——婚恋/感情引动（恋爱≠成婚，须配偶星实引动）,流年地支合会主感情聚合（《三命通会》合会主婚动）——单纯合会为恋爱引动，成婚须配偶星透/值宫/换运等实据（考时准则 1）,《三命通会》合会
ymar_106b,年六亲,bazi,流年婚动,配偶星大运窗口内星动（配偶星未透/未值宫）——婚动弱候选,配偶星大运窗口引动（无透无合会值宫）→ 婚动弱（原 ying_106）,《渊海子平》流年论：流年引动大运配偶星主婚动
ymar_107,年六亲,bazi,流年婚动,流年配偶星冲夫妻宫——婚动（手续/仪式/法律变动，签纸登记）,六冲夫妻宫主手续/仪式/法律变动（《三命通会》冲主变动；考时准则 2——选项含签纸/登记语义时指认）,《三命通会》冲
ymar_108,年六亲,bazi,流年婚变,流年配偶星受克——婚变/感情受损候选,流年克配偶星 → 婚变候选（《滴天髓》配偶星受克主婚缘损）,《滴天髓》配偶星受克
ymar_109,年六亲,bazi,流年婚变,流年配偶星冲+克——婚变凶应期,流年冲夫妻宫且配偶星受克 → 婚变凶应（ying_107 同构；MingLi-Bench 离婚题）,《三命通会》冲克
ymar_110b,年六亲,bazi,流年婚动,流年配偶星冲 + 配偶星透——婚动（变动叠加）,流年冲夫妻宫 + 配偶星透 → 婚动（原 ying_110b）,《三命通会》论冲合：冲夫妻宫而配偶星透干主婚动（冲主变动）
yx_206,年六亲,bazi,流年学业引,流年母星透（印星）——学业引动/升学/考试吉应,流年母星透干：学籍/文书动，考试升学应期（《子平真诠》印主文书学籍）,《子平真诠》印主文书
yz_101,年六亲,bazi,流年生育,子女星透干——生育信号（得子候选）,流年子女星透干 → 子女星显（生育候选；《渊海子平》子女星透）,《渊海子平》子女星
yz_102,年六亲,bazi,流年子女凶,子女星受克——孕产凶险/子女灾,流年克子女星 → 孕产凶险/子女灾候选（《滴天髓》子女星受克；考时补则1：凶险≠否定得子）,《滴天髓》子女星受克
yz_103,年六亲,bazi,流年生育,子女星合会引动——得子候选,流年地支合会子女星 → 生育引动（《三命通会》合会引动）,《三命通会》合会
ying_107,年六亲,bazi,凶事,凶事应期（配偶星受克+配偶宫冲）,流年配偶星克 + 流年配偶星冲 → 凶应（婚变/感情破败）,《三命通会》论冲：配偶星被克而宫位逢冲主凶事应期
ying_108,年六亲,bazi,凶事,凶事应期（配偶星受克）,流年干支克配偶星五行 → 配偶星受克主凶（婚变/感情受损）,《滴天髓》忌神论：配偶星（用神）受克主凶事应期
ymar_110-1,年六亲,bazi,流年婚变,忌神年 + 本命伤官克官——婚变候选,流年忌神透干 + 本命伤官克官 → 婚变候选（忌神攻身之年感情受损）,《子平真诠》忌神攻身
ymar_110-2,年六亲,bazi,流年婚变,忌神年 + 本命比劫夺财——婚变候选,流年忌神透干 + 本命比劫夺财 → 婚变候选（忌神攻身之年感情受损）,《子平真诠》忌神攻身
ymar_110-3,年六亲,bazi,流年婚变,忌神年 + 本命宫破——婚变候选,流年忌神透干 + 本命宫破 → 婚变候选（忌神攻身之年感情受损）,《子平真诠》忌神攻身
ymar_111,年六亲,bazi,流年婚变,本命伤官克官——女命婚变候选,女命伤官克官（夫星受制）→ 婚变候选（《女命赋》食伤重者克夫）,《女命赋》
ys_103,年十神,bazi,流年事业变,换运首年——事业/环境大变动（新阶段开始）,大运交接首年主变 → 事业环境更替（《三命通会》换运主大变动）,《三命通会》换运
yliu_104,年十神,bazi,流年母星受克,财坏印——母星受克（母灾候选）,财坏印：印星（母）被财克 → 母灾候选（《子平真诠》财坏印；0013 财坏印母灾）,《子平真诠》财坏印
yx_102,年十神,bazi,流年学业挫,财坏印——印星（学术）受损，考试失利,财坏印：印星（学术/文书）被财克 → 学业受损（《子平真诠》财坏印；学籍看印）,《子平真诠》财坏印
ycai_101,年十神,bazi,流年破财,流年财星受克——破财候选,流年财星克 → 破财候选（《滴天髓》财星受克论）,《滴天髓》财星受克论
ycai_103,年十神,bazi,流年得财,财星透干——进财/得财机会,流年财星透干 → 财星显（进财机会；得财与否看身强任财）,《渊海子平》财星透干
ycai_104,年十神,bazi,流年得财,流年财星合会——得财/合作得财候选,流年地支合会财星 → 得财候选（合会引动财星）,《三命通会》合会
ycai_105,年十神,bazi,流年破财,财坏印——破财损名声,财坏印：财克印 → 破财损名（《子平真诠》财坏印）,《子平真诠》财坏印
yj_103,年十神,bazi,流年精神损,财坏印——精神/心理受损（印主精神）,财坏印：印星（精神）被财克 → 心绪受损（《子平真诠》财坏印；0001 财坏抑郁）,《子平真诠》财坏印
ying_112,年十神,bazi,健康,健康/精神凶年（财坏印）,流年干为印星、支为财星且财克印 → 印星主精神被财坏，心绪受损（《子平真诠》财星坏印；0001 1996 丙子）,《子平真诠》财星坏印
ying_114,年十神,bazi,凶事,凶事年（忌神透+财坏印）,忌神透干且财坏印 → 双凶叠加（0001 1996 丙子 抑郁）,《滴天髓》忌神论 + 《渊海子平》财坏印：忌神透而财坏印主凶年
ying_h07,年十神,bazi,应期,日犯岁君（日干克流年干）→ 凶年（身弱更甚；五行有救反得财）,日犯岁君主凶（古籍明断 H07/H08，参考 mingli-skills step8）,《三命通会》论日犯岁君：日干克流年天干主凶（古籍明断）
ying_h15,年十神,bazi,应期,空亡填实 → 应吉凶之年（忌神填实应凶/用神填实应吉）,空亡填实主应事（古籍硬标注 H15/H16，参考 mingli-skills step8）,《三命通会》论空亡：空亡被流年填实主应吉凶
ying_h18,年十神,bazi,凶事,流年三刑 + 女命食伤重——损胎/子息损（《渊海子平》女命食伤逢冲刑主损胎；0019 2016 堕胎）,《渊海子平》女命食伤逢冲刑主损胎,《渊海子平》女命食伤逢冲刑主损胎
ying_h19,年十神,bazi,婚变,流年夫/妻星透干 + 三刑 + 食伤重克官——婚变年（《三命通会》夫星透而流年刑冲主婚变；0018 2013 离婚）,《三命通会》夫星透干而流年刑冲主婚变——0018 2013 癸巳夫星透+三刑+食伤重,《三命通会》夫星透干流年刑冲主婚变
ys_102,年合会,bazi,流年事业变,天克地冲日柱——事业大变动年（转工/动荡）,流年天克地冲日柱 → 本命大变动，事业动荡（《三命通会》天克地冲）,《三命通会》天克地冲
ys_104,年合会,bazi,流年事业变,岁运并临——事业大变动候选,岁运并临（流年=大运）→ 大变动之年，事业起伏（《渊海子平》岁运并临）,《渊海子平》岁运并临
ys_105,年合会,bazi,流年事业动,流年干合日主——事业人际/合作变动,流年天干合入日主 → 外部人事合入（合作/人际变动，《三命通会》天干五合）,《三命通会》天干五合
ys_106,年合会,bazi,流年事业非,三刑流年——是非/官非/刑伤，事业受阻,三刑成立 → 是非官非刑伤之年（yingqi 同构；《三命通会》三刑）,《三命通会》三刑
yliu_105,年合会,bazi,流年六亲大变,天克地冲——家宅/六亲大变之年,流年天克地冲日柱 → 家宅六亲大变动（按题目指认父/母/家宅）,《三命通会》天克地冲
yliu_107,年合会,bazi,流年六亲应期,伏吟日柱——六亲应期候选,流年伏吟日柱 → 本命伏吟应期（按题目语义指认六亲事件）,《渊海子平》伏吟
yliu_108,年合会,bazi,流年六亲刑伤,三刑流年——六亲刑伤候选,三刑成立 → 断事年（健康/是非/六亲刑伤——刑入正印丧母/偏财丧父，yingqi 同构）,《三命通会》三刑
ymar_112,年合会,bazi,流年大变,天克地冲日柱——婚姻大变动年（成婚/婚变均按题目指认）,流年天克地冲日柱 → 本命大变动（《三命通会》天克地冲）——婚姻题按选项语义指认（0032/0077 天克地冲年应事）,《三命通会》天克地冲
ycai_108,年合会,bazi,流年财变动,天克地冲日柱——财运大变动年,流年天克地冲日柱 → 财运大变动（破财/得财按题指认）,《三命通会》天克地冲
ycai_109,年合会,bazi,流年财变动,岁运并临——财运大变动候选,岁运并临（流年=大运）→ 大变动之年（财运起伏）,《渊海子平》岁运并临
yj_104,年合会,bazi,流年健康大凶,天克地冲日柱——健康大凶年,流年天克地冲日柱 → 本命大冲，健康凶应（《三命通会》天克地冲）,《三命通会》天克地冲
yj_105,年合会,bazi,流年健康应,伏吟日柱——健康应期候选,流年伏吟日柱 → 本命伏吟应期（《渊海子平》伏吟）,《渊海子平》伏吟
ying_h01,年合会,bazi,应期,岁运并临（流年=大运）→ 大变动之年（并临为忌/用神被冲可至重病/死亡——0060 2017 岁运并临后癌症不治）,岁运并临主大变动（古籍硬标注 H01-H03，参考 mingli-skills step8）,《三命通会》论岁运并临：流年与大运干支相同主大变动（古籍硬标注）
ying_h04,年合会,bazi,应期,流年天克地冲日柱 → 婚灾/自身灾大凶之年（用神被冲更甚）,天克地冲日柱主婚灾/自身灾（古籍硬标注 H04，参考 mingli-skills step8）,《三命通会》论天克地冲：流年天克地冲日柱主婚灾/自身灾
ying_h09,年合会,bazi,应期,三刑成立（丑未戌/寅巳申齐）→ 断事年（健康/是非/破财——刑入正印丧母/偏财丧父）,三刑断事（古籍硬标注 H09/H19/H20，参考 mingli-skills step8）,《三命通会》论三刑：丑未戌/寅巳申三刑成立主断事（健康/是非/破财）
ying_h11,年合会,bazi,应期,伏吟日柱（流年=日柱）→ 本人或配偶有灾/破财,伏吟主灾（古籍硬标注 H11，参考 mingli-skills step8）,《三命通会》论伏吟：流年与日柱相同主本人或配偶有灾
ying_h20,年合会,bazi,凶事,流年年柱干伏吟 + 三刑——父母宫动，家变/父母变动（离异/分居）（《三命通会》伏吟主变动；0119 2016 丙戌→丙申父母离异）,《三命通会》伏吟主变动——父母宫（年柱）伏吟+三刑主家变,《三命通会》伏吟主变动
yg_201,年大运,bazi,凶事,大运干合流年干——天干五合引动，合作变化之年,大运流年天干五合主合作变化,《三命通会》岁运引动
yg_202,年大运,bazi,凶事,大运支冲流年支——地支冲引动，重大变动之年,大运流年地支相冲主重大变动,《三命通会》岁运引动
yg_203,年大运,bazi,凶事,大运伏吟流年——伏吟主呻吟，内心焦虑压抑,伏吟主呻吟，内心焦虑,《三命通会》伏吟反吟
ys_209,年旺衰,bazi,流年事业新,日主逢长生——新生起步之年（事业/学业新起点，精力旺宜开拓）,日主流年临长生主新生、起步（《渊海子平》十二长生：长生主生发；身旺任事）,《渊海子平》十二长生
ys_210,年旺衰,bazi,流年事业进,日主逢帝旺——身旺气足之年（行动力强，事业进取/担当重任）,日主流年临帝旺主旺极宜进（《渊海子平》十二长生：帝旺主旺盛；旺极宜进不宜退）,《渊海子平》十二长生
yj_206,年旺衰,bazi,流年日主弱,流年日主入墓——气收身弱年（健康/运势收敛）,本命 chang_sheng 表流年支落态 → 日主流年入墓 → 气收（《渊海子平》墓库论）,日主流年入墓 → 气收（《渊海子平》墓库论）
yj_207,年旺衰,bazi,流年日主弱,流年日主临绝——气衰年（体弱/运势低谷候选）,本命 chang_sheng 表流年支落态 → 日主流年临绝 → 气衰（《三命通会》绝主衰）,日主流年临绝 → 气衰（《三命通会》绝主衰）
yj_208,年旺衰,bazi,流年日主弱,流年日主临病——体弱/小恙候选,本命 chang_sheng 表流年支落态 → 日主流年临病 → 病态（十二长生病主弱）,日主流年临病 → 病态（十二长生病主弱）
ys_101,年用神,bazi,流年事业阻,忌神透干之年——事业受阻/压力,流年忌神透干 → 忌神攻身，事业多阻（《子平真诠》忌神攻身）,《子平真诠》忌神攻身
ys_208,年用神,bazi,流年事业阻,流年支为忌神——地支方向压力（下半年/家宅合作多阻，忌神攻身之年）,流年支忌神攻身（《子平真诠》忌神攻身；与流年干忌神 ys_101 同构——干主外显、支主内实）,《子平真诠》忌神攻身
yx_101,年用神,bazi,流年学业阻,忌神透干之年——学业受阻,流年忌神透干 → 忌神攻身，学业不顺（《子平真诠》忌神攻身）,《子平真诠》忌神攻身
ycai_102,年用神,bazi,流年破财,忌神攻财——破财/投资失利候选,流年忌神透干 → 忌神攻身破财（《子平真诠》忌神攻身）,《子平真诠》忌神攻身
yj_101,年用神,bazi,流年健康凶,忌神透干——健康压力候选（病灾须紫微疾厄/福德宫化忌确认，忌神年可能仅是非/破财）,流年忌神透干 → 忌神攻身之年（健康/破财/是非混杂，《子平真诠》忌神攻身）；健康凶年须与紫微疾厄忌/福德忌同现才定（2026 根因：yj_101 过宽误报）,《子平真诠》忌神攻身（须疾厄/福德确认）
ying_113,年用神,bazi,凶事,凶事年（忌神透干：健康/破财/是非）,流年干为忌神五行 → 忌神攻身之年（0001 1996 丙火忌神抑郁；《子平真诠》忌神攻身）,《子平真诠》忌神攻身）
ys_205,年神煞,bazi,流年事业动,流年驿马——事业变动/奔波/异地发展,服务端流年神煞（bazi.liunian）→ 《三命通会》驿马主动,《三命通会》驿马主动
ys_206,年神煞,bazi,流年事业助,流年天乙贵人——贵人相助/逢凶化吉（求事有援，事业机遇）,流年天乙贵人主遇难有救、贵人扶持（《三命通会》天乙贵人为吉神第一）,《三命通会》天乙贵人
ys_207,年神煞,bazi,流年事业静,流年华盖——偏静思/技艺深耕（事业或转独立、技术/玄学方向，才华沉淀）,流年华盖主孤高玄学、内敛深耕（《三命通会》华盖）,《三命通会》华盖
ymar_115,年神煞,bazi,流年婚喜,流年红鸾——婚恋/姻缘喜庆（红鸾主婚喜）,服务端流年神煞（bazi.liunian）→ 《三命通会》红鸾主婚喜,《三命通会》红鸾主婚喜
ymar_116,年神煞,bazi,流年婚喜,流年天喜——婚庆/添丁喜,服务端流年神煞（bazi.liunian）→ 《协纪辨方书》天喜,《协纪辨方书》天喜
ymar_117,年神煞,bazi,流年婚恋,流年桃花——异性缘/情欲引动（单身者恋爱机会；已婚者防桃花劫/感情风波）,流年桃花主异性缘动（《渊海子平》桃花主情欲：红鸾主正缘、桃花主偏缘——已婚者防感情风波）,《渊海子平》桃花
yx_205,年神煞,bazi,流年学业变,流年驿马——学业变动/异地求学,服务端流年神煞（bazi.liunian）→ 《三命通会》驿马主动,《三命通会》驿马主动
ycai_110,年神煞,bazi,流年破财,流年大耗——破耗之年（财来财去/意外损耗，投资宜慎）,流年大耗主破耗损耗（《协纪辨方书》大耗；与丧门/吊客同列流年凶煞，破财以谨慎应）,《协纪辨方书》大耗
yj_203,年神煞,bazi,流年灾劫,流年劫煞——灾劫/血光/破财是非候选,服务端流年神煞（bazi.liunian）→ 《三命通会》劫煞主劫夺灾,《三命通会》劫煞主劫夺灾
yj_204,年神煞,bazi,流年灾劫,流年灾煞——灾祸/意外候选,服务端流年神煞（bazi.liunian）→ 《三命通会》灾煞主灾,《三命通会》灾煞主灾
yj_205,年神煞,bazi,流年羊刃,流年羊刃——刚烈/血光/意外候选,服务端流年神煞（bazi.liunian）→ 《三命通会》羊刃主刃伤,《三命通会》羊刃主刃伤
yj_209,年神煞,bazi,流年病灾,值年病符临命——病灾候选（病符主病）,引擎流年神煞（值年煞临命，《协纪辨方书》）→ 《协纪辨方书》病符主病,《协纪辨方书》病符主病
yj_210,年神煞,bazi,流年孝服,值年丧门临命——孝服/丧事候选,引擎流年神煞（值年煞临命，《协纪辨方书》）→ 《协纪辨方书》丧门主孝服,《协纪辨方书》丧门主孝服
yj_211,年神煞,bazi,流年孝服,值年吊客临命——吊丧/孝服候选,引擎流年神煞（值年煞临命，《协纪辨方书》）→ 《协纪辨方书》吊客主吊丧,《协纪辨方书》吊客主吊丧
jk_107,旺衰,bazi,健康,金旺：肺/鼻/皮肤 亢而脆（易肺疾/鼻炎/呼吸系）,金主肺，金旺过极则肺金燥、气机肃降太过（《黄帝内经》五行亢盛）,《黄帝内经》五行亢盛）
jk_109,旺衰,bazi,健康,土旺：脾/胃/肌肉 壅滞（易肠胃/湿重/肥胖）,土主脾，土旺过极则脾胃壅滞（《黄帝内经》五行亢盛）,《黄帝内经》五行亢盛）
jk_112,旺衰,bazi,健康,火弱（休囚）：心/血脉 偏弱（易心悸/心气不足/血虚）,火主心，火不得令则心气弱（《黄帝内经》五行休囚）,《黄帝内经》五行休囚）
jk_113,旺衰,bazi,健康,木弱（休囚）：肝/胆/筋 偏弱（易肝郁/筋伤/眼目）,木主肝，木不得令则肝气郁（《黄帝内经》五行休囚）,《黄帝内经》五行休囚）
jk_114,旺衰,bazi,健康,土弱（休囚）：脾/胃 偏弱（易脾胃虚/食欲差）,土主脾，土不得令则脾虚（《黄帝内经》）,《黄帝内经》）
jk_115,旺衰,bazi,健康,金弱（休囚）：肺/鼻/皮毛 偏弱（易肺虚/鼻炎/易感）,金主肺，金不得令则肺气弱（《黄帝内经》）,《黄帝内经》）
jk_116,旺衰,bazi,健康,水弱（休囚）：肾/耳/骨 偏弱（易肾虚/耳鸣/腰膝）,水主肾，水不得令则肾气虚（《黄帝内经》）,《黄帝内经》）
jk_201,旺衰,bazi,健康,木旺：①克土（脾胃/肌肉）②生火耗木（心/目）——不得只查一个方向,五行亢盛双向应病（《黄帝内经》）：木旺克土伤脾胃、木生火耗木伤心目（fangfa/wuxing-jiankang.md）,《黄帝内经》）：木旺克土伤脾胃、木生火耗木伤心目（fangfa/wuxing-jiankang.md）
jk_202,旺衰,bazi,健康,火旺：①克金（肺/皮毛/大肠）②生土耗火（脾胃/血）——双向应病,火旺克金伤肺、火生土耗火伤心血（《黄帝内经》；fangfa/wuxing-jiankang.md）,《黄帝内经》
jk_203,旺衰,bazi,健康,水旺：①克火（心/血管/小肠）②生木耗水（肾/骨/耳）——双向应病,水旺克火伤心、水生木耗水伤肾（《黄帝内经》；fangfa/wuxing-jiankang.md）,《黄帝内经》
xg_701,旺衰,bazi,性格,七杀透干+身弱 → 胆小压抑、内心压力大（非冲动——杀旺身弱受制）,七杀强度状态取象（《子平真诠》杀旺身弱受制；fangfa/fangfa/shishen.md 身强弱前置）,《子平真诠》杀旺身弱受制
xg_702a,旺衰,bazi,性格,知书达理、受庇护（印为用，身弱喜印）,印星身弱为用则受益（《子平真诠》印绶喜身弱；fangfa/shishen.md 身强弱取象）,《子平真诠》印绶喜身弱
xg_702b-not1,旺衰,bazi,性格,依赖保守（身强印忌才依赖）,印星身强为忌则依赖保守（《子平真诠》印绶忌身强；fangfa/shishen.md 身强弱取象）,《子平真诠》印绶喜身弱
xg_702b-not2,旺衰,bazi,性格,依赖保守（身强印忌才依赖）,印星身强为忌则依赖保守（《子平真诠》印绶忌身强；fangfa/shishen.md 身强弱取象）,《子平真诠》印绶喜身弱
cai_102,旺衰,bazi,财运,破财、无理财观念（财被劫）,财弱 + 比劫旺夺财 → 财来财去、难积蓄（0030，比劫夺财《滴天髓》）,《滴天髓》）
cai_104,旺衰,bazi,财运,财多身弱，富屋贫人（财难存）,身弱财旺 → 财多身不任，家财难守（《三命通会》富屋贫人）,《三命通会》富屋贫人）
cai_205,旺衰,bazi,财运,过手财（财多身弱 + 比劫夺财——钱来钱去难留）,财富层次（参考 mingli-skills phase6：过手财=财多身弱+比劫夺财）——cai_108 无蓄财之细化,《三命通会》富屋贫人：财多身弱而比劫夺财主过手财
shi_101,格局,bazi,事业档位,女命官星得地（夫星旺）+ 无食伤透（不事外职）——持家为主,女命官星得地（夫星旺）+ 无食伤透（不事外职）→ 持家为主（S4）,《女命赋》：女命官星得地而无食伤透干主持家（主妇）
ge_101,格局,bazi,格局,正官格成（官印相生）：贵气、公职/管理,正官透干有印护 → 官印相生，贵格（《子平真诠》官星佩印）,《子平真诠》官星佩印
ge_102,格局,bazi,格局,正官格（无印护）：贵而劳，需行运补,官星无印 → 贵而不稳（《子平真诠》官无印则假）,《子平真诠》官无印则假
ge_201,格局,bazi,格局,食神制杀格：杀有制化，贵而掌权,七杀有食神制 → 杀刃相济，武贵/管理（《子平真诠》食神制杀）,《子平真诠》食神制杀
ge_202,格局,bazi,格局,七杀无制：性刚多险，健康/官非倾向,七杀无制化 → 杀攻身，凶险（《子平真诠》七杀无制则凶）,《子平真诠》七杀无制则凶
ge_301,格局,bazi,格局,财格成（身强任财）：富格、财运好,正财透干 + 身强任财 → 富格（《子平真诠》财旺身强）,《子平真诠》财旺身强
ge_302,格局,bazi,格局,财多身弱：富屋贫人，财难守,财格身弱 → 财多身不任（《三命通会》富屋贫人）,《三命通会》富屋贫人
ge_401,格局,bazi,格局,印格成（印透有根）：文贵、学业好,印绶格透干 → 文星得地，学业/文职（《子平真诠》印绶主文）,《子平真诠》印绶主文
ge_501,格局,bazi,格局,食神格（吐秀）：才艺/福禄、口福好,食神吐秀 → 才艺福禄（《子平真诠》食神主福）,《子平真诠》食神主福
ge_601,格局,bazi,格局,伤官佩印格：才华横溢、聪明贵显,伤官佩印 → 才华得制，贵显（《子平真诠》伤官佩印）,《子平真诠》伤官佩印
ge_602,格局,bazi,格局,伤官无制：恃才傲物、口舌是非,伤官无印 → 才华外露招非（《子平真诠》伤官见官为祸百端）,《子平真诠》伤官见官为祸百端
ge_701,格局,bazi,格局,月令建禄（日主临官在月）——身强，喜财官泄制,月令为日主禄，身强喜财官（《子平真诠》建禄格）,《子平真诠》格局论
ge_702,格局,bazi,格局,月令羊刃（日主帝旺在月）——身极强，喜官杀制刃,月令为日主羊刃，身极强喜官杀制（《子平真诠》羊刃格）,《子平真诠》格局论
ge_703,格局,bazi,格局,弃命从财（财星极旺+日主无根）——主富,财极旺日主无根，弃命从财主富（《子平真诠》从财格）,《子平真诠》从化论
ge_704,格局,bazi,格局,弃命从杀（七杀极旺+日主无根）——主贵,杀极旺日主无根，弃命从杀主贵（《子平真诠》从杀格）,《子平真诠》从化论
ge_705,格局,bazi,格局,弃命从儿（食伤极旺+日主无根）——主才艺,食伤极旺日主无根，弃命从儿主才艺（《子平真诠》从儿格）,《子平真诠》从化论
ge_706,格局,bazi,格局,杀印相生（七杀旺+印星旺）——化杀为权，主贵,七杀旺印化杀，化杀为权主贵（《子平真诠》杀印相生格）,《子平真诠》格局论
ge_707,格局,bazi,格局,从旺格（印比成势+日主无官杀克制）——顺势而强,印比成势、官杀不能制身 → 从旺顺势（《滴天髓》顺局）,《滴天髓》顺局
ge_708,格局,bazi,格局,假从旺（从旺而有微根/微制）——势成未纯,从旺之势已成但余气微根未净 → 假从，行运去留定成败（《子平真诠》从化）,《子平真诠》从化论
ge_709,格局,bazi,格局,假从杀（杀势成而日主微根）——贵中有变,杀势成而日主微根 → 假从杀，运助杀则贵、扶身则逆（《子平真诠》从化）,《子平真诠》从化论
ge_710,格局,bazi,格局,假从财（财势成而日主微根）——富中有变,财势成而日主微根 → 假从财，运助财则富、帮身则劳（《子平真诠》从化）,《子平真诠》从化论
ge_711,格局,bazi,格局,假从儿（食伤成势而日主微根）——才艺有成但心身劳,食伤成势而日主微根 → 假从儿，泄秀有成但根基不纯（《子平真诠》从化）,《子平真诠》从化论
ge_801,格局,bazi,格局,偏财格：财气得月令，善机会财/经营财,偏财当值成格 → 机会财、经营财明显；身强善任，身弱须防财重身轻,《子平真诠》格局论
ge_802,格局,bazi,格局,偏印格：专业技艺/偏门学问有成,偏印当值成格 → 专业、技艺、宗教哲思偏门学问；见财破印则专长反复,《子平真诠》格局论
ge_803,格局,bazi,格局,杂格：月令藏干不入八格，取用须变通,月令比劫或藏干组合不入八格 → 以官杀制比劫、食伤泄秀、财星引化取用（《子平真诠》杂格）,《子平真诠》格局论
shi_107,用神,bazi,事业档位,官杀有力 + 官杀为用 + 非官印相生 + 非食伤旺——掌权之象,官杀有力 + 官杀为用（身强喜官杀制）+ 非官印相生 + 非食伤旺 → 掌权（S3，《滴天髓》用神为枢）；身弱官杀为忌者不掌权（0088 身弱走老板）、食伤旺者技术/老板（0050 稳定）,《滴天髓》用神为枢）
shi_110,用神,bazi,事业档位,食伤为用（泄秀）→ 以才华/技术立身，宜创意设计、专业技艺、咨询内容类,食伤为用 → 才华变现（《滴天髓》食伤泄秀）；shishen.md 伤官配印→技术/学术立身；身弱食伤泄秀（shi_103）为用则才学得展,《滴天髓》食伤泄秀
shi_111,用神,bazi,事业档位,比劫为用（帮身）→ 宜合伙协作、靠人脉/团队立足（比劫帮身抗杀，众助成事）,身弱比劫为用 → 比劫帮身抗杀（yongshen.md）；shishen.md 比劫主合伙/竞争——为用则得众力成事,《滴天髓》用神为枢
shi_112,用神,bazi,事业档位,身弱官杀为忌 → 不掌权、职场压力受制感强、易被压（回填 shi_107 依据：身弱官杀为忌者不掌权）；宜稳守求实，不宜强求晋升,身弱官杀为忌者不掌权（shi_107 依据原文；shishen.md：七杀身弱胆小怕事、正官身弱顺从压力）,《滴天髓》用神为枢
shi_113,用神,bazi,事业档位,身旺比劫为忌（无官杀）→ 竞争消耗、合伙易散、劳而少获；宜独自深耕、避合伙,身旺比劫为忌——比劫帮身者当身旺已足则夺财（shishen.md：比劫身强独立竞争好胜；wealth.md 比劫大运破财）,《滴天髓》用神为枢
jk_301,用神,bazi,健康,官杀攻身（官杀为忌）→ 外伤/手术/意外风险,官杀为忌攻身主外伤（《滴天髓》忌神为患；参考 mingli-skills phase6：官杀攻身→外伤手术意外）——官杀为用者不攻身,《滴天髓》忌神为患
jk_302,用神,bazi,健康,食伤过旺泄身（食伤为忌）→ 精力透支、身体虚,食伤为忌泄身主虚损（《滴天髓》；参考 mingli-skills phase6：食伤过旺→泄身体虚）——食伤为用者泄秀不虚,《滴天髓》
jk_303,用神,bazi,健康,印星过旺（印为忌）→ 代谢缓慢/肥胖/甲状腺问题,印为忌旺主代谢慢（《滴天髓》；参考 mingli-skills phase6：印星过旺→代谢缓慢/肥胖）——印为用者不生患,《滴天髓》
jk_304,用神,bazi,健康,比劫过旺（比劫为忌）→ 冲动致外伤/争斗,比劫为忌旺主冲动外伤（《滴天髓》；参考 mingli-skills phase6）——比劫为用者帮身不伤,《滴天髓》
jk_305,用神,bazi,健康,财星耗身（财为忌）→ 过度劳累/肾虚,财为忌耗身主劳累（《滴天髓》；参考 mingli-skills phase6：财星耗身→过度劳累/肾虚）——财为用者任财不耗,《滴天髓》
jk_306,用神,bazi,健康,食伤旺而为用 → 泄秀得宣，精力与思想活跃（食伤为用不虚耗）,食伤为用泄秀不虚——忌者泄身虚损，用者泄秀得宣（《滴天髓》用神为枢；同 jk_302 为忌对称）,《滴天髓》
jk_307,用神,bazi,健康,印星旺而为用 → 气机调和，滋养与思维俱足（印为用不郁结）,印为用不生患——忌者旺主代谢滞缓，用者气机调和（《滴天髓》用神为枢；同 jk_303 为忌对称）,《滴天髓》
jk_308,用神,bazi,健康,比劫旺而为用 → 体魄强健、精力旺盛（比劫为用帮身不伤）,比劫为用帮身不伤——忌者旺主冲动外伤，用者帮身强健（《滴天髓》用神为枢；同 jk_304 为忌对称）,《滴天髓》
jk_309,用神,bazi,健康,官杀有力而为用 → 不作攻身，反为压力化动力（官杀为用不攻身）,官杀为用不攻身——忌者攻身主外伤，用者克身有度反成约束自律（《滴天髓》用神为枢；同 jk_301 为忌对称）,《滴天髓》
jk_310,用神,bazi,健康,财星旺而为用 → 任财不耗，财为我用不损身（财为用者不耗）,财为用任财不耗——忌者耗身主劳累，用者任财自若（《滴天髓》用神为枢；同 jk_305 为忌对称）,《滴天髓》
hun_407,用神,bazi,婚姻质量,配偶星为用 + 得地 + 夫妻宫安静 + 无寡宿——配偶优秀且助益（寡宿主孤者婚缘迟——不判婚姻好）,星宫同参+喜忌（参考 mingli-skills phase6 6.3：配偶星为喜用+坐夫妻宫→上等婚姻；《滴天髓》用神为枢）,《滴天髓》用神为枢）
hun_408,用神,bazi,婚姻质量,配偶星为忌但得地——配偶条件一般但尚稳,星宫同参（参考 mingli-skills phase6：配偶星为忌+宫位安静→中等）,《三命通会》星宫同参：配偶星为忌而夫（妻）星得地主中等婚姻
hun_409,用神,bazi,婚姻质量,配偶星为忌 + 夫妻宫被冲——配偶不利且婚姻不稳,星宫同参（参考 mingli-skills phase6：配偶星为忌+宫位被冲→高危婚姻）,《三命通会》星宫同参：配偶星为忌而夫妻宫被冲主高危婚姻
xue_210,用神,bazi,学历层次,印星为用（身弱喜印）→ 印绶得用，学问有根（印为「补药」非「食古不化」）,身弱印为用 → 印星得力则学历高（study.md 核心原则：印为补药；《子平真诠》印绶喜身弱）——与身强印为忌（xue_208/209 印多主愚）互斥,《子平真诠》印绶喜身弱
cai_101-not1,用神,bazi,财运,财运顺畅、有积蓄,财为用（用神体系）+ 财透有根 → 财为我用，收入稳增（《滴天髓》用神为枢；0053）,《滴天髓》用神为枢
cai_101-not2,用神,bazi,财运,财运顺畅、有积蓄,财为用（用神体系）+ 财透有根 → 财为我用，收入稳增（《滴天髓》用神为枢；0053）,《滴天髓》用神为枢
cai_101-not3,用神,bazi,财运,财运顺畅、有积蓄,财为用（用神体系）+ 财透有根 → 财为我用，收入稳增（《滴天髓》用神为枢；0053）,《滴天髓》用神为枢
cai_101-not4,用神,bazi,财运,财运顺畅、有积蓄,财为用（用神体系）+ 财透有根 → 财为我用，收入稳增（《滴天髓》用神为枢；0053）,《滴天髓》用神为枢
cai_203,用神,bazi,财运,大富之象（财为用 + 财旺 + 官杀为用流通有情）,财富层次（参考 mingli-skills phase6：大富=身旺+财旺+官透流通——喜忌前提：财与官杀皆为用）,《滴天髓》财官论：财为用而财旺官杀为用主大富（流通有情）
cai_305,用神,bazi,财运,财星为忌神 → 见财即耗、求财辛苦，财为压力非财富；财星忌神旺相段防大额破耗,财为忌耗身主劳累、身弱不胜财（wealth.md：财多身弱漏财，破财最重段=财星忌神旺相段）；财为忌（富屋贫人）（factors.csv L137）,《滴天髓》用神为枢
shi_114,神煞,bazi,事业档位,羊刃入命 → 刚烈激进、竞争冲动，宜独当专精不宜合作分利（羊刃主争强）,羊刃主刚烈、争强（factors.csv 羊刃主刚烈）；career.md 羊刃冲财=经营负债——身旺羊刃主偏激竞争,《三命通会》羊刃论
jk_319,神煞,bazi,健康,羊刃入命 → 血光/手术/外伤倾向（羊刃主血刃，忌逢冲刑引动）,羊刃主血光之伤（《三命通会》羊刃论；career/dayun.md 羊刃冲刃=血光）；身强羊刃旺者主血光外伤,《三命通会》羊刃论
hun_211,神煞,bazi,婚姻状态,女命桃花（异性缘外情）、寡宿（婚姻孤独不利）——婚内外情，终至离异,女命桃花（异性缘外情）+ 寡宿（婚姻孤独不利）→ 婚内外情，终至离异（《三命通会》桃花煞主淫奔、寡宿主孤；0035 桃花+寡宿外遇离婚）,《三命通会》桃花煞主淫奔、寡宿主孤
hun_404,神煞,bazi,配偶特征,日支四桃花（子午卯酉）→ 配偶貌好/有能力/有魅力,四桃花日支主配偶相貌好（参考 mingli-skills phase6 6.3 配偶特征）,《三命通会》四桃花论：日支子午卯酉主配偶貌好有魅力
hun_405,神煞,bazi,配偶特征,日支四驿马（寅申巳亥）→ 配偶相貌中等但精明能干/善交际,四驿马日支主配偶能干（参考 mingli-skills phase6 6.3）,《三命通会》四驿马论：日支寅申巳亥主配偶精明能干
hun_406,神煞,bazi,配偶特征,日支四墓库（辰戌丑未）→ 配偶朴素务实/踏实肯干,四墓库日支主配偶踏实（参考 mingli-skills phase6 6.3）,《三命通会》四墓库论：日支辰戌丑未主配偶朴素务实
xg_301,神煞,bazi,宗教缘,华盖临命 → 有宗教/玄学/艺术缘，性喜独处、淡泊名利,华盖主孤高玄学（《三命通会》华盖）,《三命通会》华盖）
qy_101,神煞,bazi,迁移,驿马临命 → 人生多变动，有远行/搬迁/异地发展之象,驿马主动迁（《三命通会》）；0158 驿马搬迁厦门,《三命通会》）
sh_101,神煞,bazi,神煞,桃花临命：异性缘旺、风流多情（婚恋活跃）,咸池桃花主情缘风流（《渊海子平》桃花煞）,《渊海子平》桃花煞）
sh_104,神煞,bazi,神煞,羊刃临命：性格刚烈、性急胆大,羊刃主刚强暴烈、好勇（《渊海子平》羊刃）,《渊海子平》羊刃）
sh_105,神煞,bazi,神煞,孤辰寡宿：性情孤独、婚恋迟晚倾向,孤辰寡宿主孤寡（SKILL.md 禁断极端：只许断晚婚/缘迟）,《三命通会》孤辰寡宿：主性情孤独、婚恋迟晚倾向
sh_301,神煞,bazi,神煞,天乙贵人入命——遇难有救、贵人相助,天乙贵人为吉神第一，主遇难有救,《三命通会》神煞篇
sh_302,神煞,bazi,神煞,文昌入命——才学聪明、读书有利,文昌主才学，读书有利,《三命通会》神煞篇
sh_303,神煞,bazi,神煞,将星入命——权柄、统领之才,将星主权柄统领,《三命通会》神煞篇
sh_310,神煞,bazi,神煞,天德贵人入命——逢凶化吉，一生多贵人相助,天德贵人主一生无险无虑，遇事能逢凶化吉,《三命通会》天德贵人
sh_311,神煞,bazi,神煞,月德贵人入命——阴德厚重，凶险自然化解,月德贵人主阴德护佑，纵有凶煞亦可化解,《三命通会》月德贵人
sh_312,神煞,bazi,神煞,红鸾入命——婚姻喜事，正缘桃花,红鸾主婚姻喜庆，流年逢之利婚恋,《三命通会》红鸾天喜
sh_313,神煞,bazi,神煞,天喜入命——喜庆添丁，喜事临门,天喜主喜庆，添丁进口之喜,《三命通会》红鸾天喜
sh_314,神煞,bazi,神煞,血刃入命——注意血光外伤，手术之象,血刃主血光、手术、外伤，宜防意外,《三命通会》血刃
sh_315,神煞,bazi,神煞,元辰入命——耗散暗损，做事多波折,元辰主耗散暗损，做事多阻,《三命通会》元辰
sh_316,神煞,bazi,神煞,天赦入命——百事消灾，一生少牢狱之灾,天赦主赦免一切凶煞，百事消灾,《三命通会》天赦
cai_306,神煞,bazi,财运,羊刃临财/冲财 → 血光之财、财来暴破（横财必破，得之反伤身或破耗）,羊刃主刚烈、血光、破耗（career.md：羊刃冲财=经营负债）；羊刃劫财主财不由己（《渊海子平》羊刃论）,《渊海子平》羊刃论
zy_301,神煞,bazi,职业类型,孤辰寡宿 + 印重 + 华盖——殡葬/宗教/玄学类职业倾向（孤寡印重华盖主僧道殡葬之象；0138 入殓师）,孤寡+华盖+印重主玄学殡葬（《三命通会》孤寡华盖主孤高玄学）,《三命通会》孤寡华盖主孤高玄学
th_101,调候,bazi,调候,寒局无火：性内敛畏寒，事业晚成，健康畏寒湿,冬生无火调候 → 局寒（《穷通宝鉴》冬生喜火）,《穷通宝鉴》冬生喜火）
th_102,调候,bazi,调候,燥局无水：性急易燥，健康火亢,夏生无水调候 → 局燥（《穷通宝鉴》夏生喜水）,《穷通宝鉴》夏生喜水）
th_103,调候,bazi,调候,冬生：金水气重，性情沉稳（调候佐证）,亥子丑月生 → 寒凝（《穷通宝鉴》冬月论）,《穷通宝鉴》冬月论）
th_104,调候,bazi,调候,夏生：火土气燥，性情开朗（调候佐证）,巳午未月生 → 炎燥（《穷通宝鉴》夏月论）,《穷通宝鉴》夏月论）
th_201,调候,bazi,调候,春生缺火：木旺无火泄秀 → 怀才不遇，早年压抑（《穷通宝鉴》春木喜火）,穷通宝鉴调候：春木需火泄秀,《穷通宝鉴》调候：春生缺火（木旺无火泄秀）主怀才不遇
th_202,调候,bazi,调候,秋生缺火：金旺无火制炼 → 性刚欠圆融，事业需火炼（《穷通宝鉴》秋金喜火）,穷通宝鉴调候：秋金需火制炼,《穷通宝鉴》调候：秋生缺火（金旺无火制炼）主性刚
py_301,仆役,ziwei,人际,交友遇贵，朋友有助,紫微帝星，坐仆役宫主交友遇贵,《紫微斗数全书》仆役宫论
py_302,仆役,ziwei,人际,朋友聚散多，变动,天机多变，坐仆役宫主朋友聚散,《紫微斗数全书》仆役宫论
py_303,仆役,ziwei,人际,朋友开朗，朋友有助,太阳光明，坐仆役宫主朋友有助,《紫微斗数全书》仆役宫论
py_304,仆役,ziwei,人际,朋友刚强，朋友缘薄,武曲刚强，坐仆役宫主朋友缘薄,《紫微斗数全书》仆役宫论
py_305,仆役,ziwei,人际,朋友和睦，朋友有助,天同温和，坐仆役宫主朋友有助,《紫微斗数全书》仆役宫论
py_306,仆役,ziwei,人际,朋友多是非，防损友,廉贞桃花是非，坐仆役宫主防损友,《紫微斗数全书》仆役宫论
py_307,仆役,ziwei,人际,朋友稳重，朋友有靠,天府稳重，坐仆役宫主朋友有靠,《紫微斗数全书》仆役宫论
py_308,仆役,ziwei,人际,朋友温和，朋友缘好,太阴温柔，坐仆役宫主朋友缘好,《紫微斗数全书》仆役宫论
py_309,仆役,ziwei,人际,朋友多才，交际广,贪狼交际多才，坐仆役宫主交际广,《紫微斗数全书》仆役宫论
py_310,仆役,ziwei,人际,朋友多口舌，防是非,巨门口舌，坐仆役宫主防是非,《紫微斗数全书》仆役宫论
py_311,仆役,ziwei,人际,朋友端正，朋友有助,天相端正，坐仆役宫主朋友有助,《紫微斗数全书》仆役宫论
py_312,仆役,ziwei,人际,朋友有担当，朋友有靠,天梁荫星，坐仆役宫主朋友有靠,《紫微斗数全书》仆役宫论
py_313,仆役,ziwei,人际,朋友刚烈，朋友缘薄,七杀肃杀，坐仆役宫主朋友缘薄,《紫微斗数全书》仆役宫论
py_314,仆役,ziwei,人际,朋友多变，朋友缘薄,破军变动，坐仆役宫主朋友缘薄,《紫微斗数全书》仆役宫论
zw_501,仆役,ziwei,人际,仆役宫煞 → 朋友/下属助力少，防小人,仆役宫煞主交友不利（《紫微斗数全书》仆役宫论）,《紫微斗数全书》仆役宫论）
xd_301,兄弟,ziwei,兄弟,兄弟中有贵者，但紫微孤高，兄弟缘淡,紫微帝星孤高，坐兄弟宫主兄弟贵而缘淡,《紫微斗数全书》兄弟宫论
xd_302,兄弟,ziwei,兄弟,兄弟聚少离多，多变动,天机多变，坐兄弟宫主兄弟聚散,《紫微斗数全书》兄弟宫论
xd_303,兄弟,ziwei,兄弟,兄弟开朗，手足缘好,太阳光明，坐兄弟宫主手足缘好,《紫微斗数全书》兄弟宫论
xd_304,兄弟,ziwei,兄弟,兄弟刚强，手足缘薄,武曲刚强孤克，坐兄弟宫主手足缘薄,《紫微斗数全书》兄弟宫论
xd_305,兄弟,ziwei,兄弟,兄弟和睦，手足缘好,天同福星温和，坐兄弟宫主手足缘好,《紫微斗数全书》兄弟宫论
xd_306,兄弟,ziwei,兄弟,兄弟缘复杂，多是非,廉贞桃花，坐兄弟宫主兄弟缘复杂,《紫微斗数全书》兄弟宫论
xd_307,兄弟,ziwei,兄弟,兄弟稳重，手足有靠,天府库星稳重，坐兄弟宫主手足有靠,《紫微斗数全书》兄弟宫论
xd_308,兄弟,ziwei,兄弟,兄弟温和，手足缘好,太阴温柔，坐兄弟宫主手足缘好,《紫微斗数全书》兄弟宫论
xd_309,兄弟,ziwei,兄弟,兄弟多才，手足缘复杂,贪狼多才桃花，坐兄弟宫主手足缘复杂,《紫微斗数全书》兄弟宫论
xd_310,兄弟,ziwei,兄弟,兄弟多口舌，手足缘薄,巨门口舌，坐兄弟宫主手足缘薄,《紫微斗数全书》兄弟宫论
xd_311,兄弟,ziwei,兄弟,兄弟端正，手足和睦,天相端正，坐兄弟宫主手足和睦,《紫微斗数全书》兄弟宫论
xd_312,兄弟,ziwei,兄弟,兄弟有担当，手足有靠,天梁荫星，坐兄弟宫主手足有靠,《紫微斗数全书》兄弟宫论
xd_313,兄弟,ziwei,兄弟,兄弟刚烈，手足缘薄,七杀肃杀，坐兄弟宫主手足缘薄,《紫微斗数全书》兄弟宫论
xd_314,兄弟,ziwei,兄弟,兄弟多变，手足缘薄,破军变动，坐兄弟宫主手足缘薄,《紫微斗数全书》兄弟宫论
zw_401,兄弟,ziwei,六亲,兄弟宫煞 → 兄弟缘薄/不睦/助力少,兄弟宫煞主兄弟不利（《紫微斗数全书》兄弟宫论）,《紫微斗数全书》兄弟宫论）
xf_301,命宫,ziwei,性格,左辅坐命宫——得人助、有辅佐之力,左辅为左辅弼之吉星，坐命主得人助,《紫微斗数全书》辅星论
xf_302,命宫,ziwei,性格,右弼坐命宫——得人助、有辅佐之力,右弼为左右贵人，坐命主得人助,《紫微斗数全书》辅星论
xf_303,命宫,ziwei,性格,文昌坐命宫——才学聪明、文采,文昌主才学文采，坐命主聪明,《紫微斗数全书》辅星论
xf_304,命宫,ziwei,性格,文曲坐命宫——才艺聪明、多才,文曲主才艺，坐命主多才,《紫微斗数全书》辅星论
xf_305,命宫,ziwei,性格,天魁坐命宫——遇贵、逢凶化吉,天魁为天乙贵人，坐命主遇贵,《紫微斗数全书》辅星论
xf_306,命宫,ziwei,性格,天钺坐命宫——遇贵、逢凶化吉,天钺为天乙贵人，坐命主遇贵,《紫微斗数全书》辅星论
xf_307,命宫,ziwei,性格,禄存坐命宫——财禄、衣食丰足,禄存主财禄，坐命主衣食丰足,《紫微斗数全书》辅星论
xf_308,命宫,ziwei,性格,天马坐命宫——好动、奔波,天马主动，坐命主好动奔波,《紫微斗数全书》辅星论
xf_330,命宫,ziwei,性格,文昌庙旺坐命宫——文才显达、读书有成,文昌庙旺主文才显达（《紫微斗数全书》辅星亮度论）,《紫微斗数全书》辅星亮度论
xf_331,命宫,ziwei,性格,文昌陷坐命宫——文书失误、才学受阻,文昌陷主文书失误（《紫微斗数全书》辅星亮度论）,《紫微斗数全书》辅星亮度论
xf_332,命宫,ziwei,性格,文曲庙旺坐命宫——才艺显达、聪慧,文曲庙旺主才艺显达（《紫微斗数全书》辅星亮度论）,《紫微斗数全书》辅星亮度论
xf_333,命宫,ziwei,性格,文曲陷坐命宫——才艺受阻、文书误,文曲陷主才艺受阻（《紫微斗数全书》辅星亮度论）,《紫微斗数全书》辅星亮度论
xg_七杀命,命宫,ziwei,性格,命宫七杀：刚烈果断、行动力强、喜变动、宜武职——开创纪律之事业基调（杀破狼动格；命宫定基调不着职）,紫微斗数主星性格论（《紫微斗数全书》）；合并原 zs_324,《紫微斗数全书》）
xg_天同命,命宫,ziwei,性格,命宫天同：温和知足、乐天享福、好安逸、少进取,紫微斗数主星性格论（《紫微斗数全书》）,《紫微斗数全书》）
xg_天府命,命宫,ziwei,性格,命宫天府：沉稳保守、善守成、宽厚稳重、有包容,紫微斗数主星性格论（《紫微斗数全书》）,《紫微斗数全书》）
xg_天机命,命宫,ziwei,性格,命宫天机：聪明善谋、机变灵活、心思细腻、多思多变,紫微斗数主星性格论（《紫微斗数全书》）,《紫微斗数全书》）
xg_天梁命,命宫,ziwei,性格,命宫天梁：正直慈悲、荫庇他人、有长者风、逢凶化吉,紫微斗数主星性格论（《紫微斗数全书》）,《紫微斗数全书》）
xg_天相命,命宫,ziwei,性格,命宫天相：正直温和、辅佐之才、重仪表、善协调,紫微斗数主星性格论（《紫微斗数全书》）,《紫微斗数全书》）
xg_太阳命,命宫,ziwei,性格,命宫太阳：光明磊落、热情大方、爱助人、喜名不重利,紫微斗数主星性格论（《紫微斗数全书》）,《紫微斗数全书》）
xg_太阴命,命宫,ziwei,性格,命宫太阴：细腻温和、内向敏感、重感情、喜静,紫微斗数主星性格论（《紫微斗数全书》）,《紫微斗数全书》）
xg_巨门命,命宫,ziwei,性格,命宫巨门：口才佳、善辩、是非多、多思多虑（暗星）,紫微斗数主星性格论（《紫微斗数全书》）,《紫微斗数全书》）
xg_廉贞命,命宫,ziwei,性格,命宫廉贞：多才多艺、急躁刚强、是非多、情绪起伏,紫微斗数主星性格论（《紫微斗数全书》）,《紫微斗数全书》）
xg_武曲命,命宫,ziwei,性格,命宫武曲：刚毅果断、务实勤奋、劳碌命、重钱财,紫微斗数主星性格论（《紫微斗数全书》）,《紫微斗数全书》）
xg_破军命,命宫,ziwei,性格,命宫破军：破旧立新、开创性强、变动大、有魄力,紫微斗数主星性格论（《紫微斗数全书》）,《紫微斗数全书》）
xg_紫微命,命宫,ziwei,性格,命宫紫微：稳重、有领导气度、自尊心强、好面子（帝星坐命）——事业宜尊贵领导/管理统筹之位（命宫定基调，官禄+大运定具体职）,紫微斗数主星性格论（《紫微斗数全书》）；合并原 zs_323,《紫微斗数全书》）
xg_贪狼命,命宫,ziwei,性格,命宫贪狼：多才多欲、交际广、桃花旺、善投机——行/才艺/玄学/偏门行业倾向（贪狼主才艺玄学）,紫微斗数主星性格论（《紫微斗数全书》）；合并原 zw_zy_301,《紫微斗数全书》）
xf_334,命宫,ziwei,性格,命宫化权：强势好胜、掌控欲强、自立自信——自主权柄、掌权（事业掌权）,命宫化权主强势（gong12：化权落命宫主强势；liunian：化权入命宫自我强势）——本命命宫化权者刚强独立；合并原 zw_611,《紫微斗数全书》四化论
xf_335,命宫,ziwei,性格,命宫化科：名声清白、自信文雅、知书达理——名声才学、清贵（得名）,命宫化科主名声好（gong12：化科落命宫主名声；liunian：化科入命宫名声好）——本命命宫化科者重名节；合并原 zw_612,《紫微斗数全书》四化论
xf_336,命宫,ziwei,性格,命宫化忌 → 自困多思、是非缠身、本命课题为自我纠偏（命宫化忌主自身困顿）,命宫化忌主自身困顿/是非（yingqi：流年命宫化忌主自身困顿；gong12 化忌所在宫为人生命题）——本命命宫忌者常与自我较劲,《紫微斗数全书》命宫四化
zw_610,命宫,ziwei,财运,化禄入命宫——福气财禄、一生顺遂,命宫化禄主福气财禄,《紫微斗数全书》四化论
hun_301,夫妻,ziwei,婚姻状态,贪狼化忌（桃花星受损）——桃花受阻、婚恋多短暂难成,贪狼=桃花主星，化忌 → 桃花受阻、婚恋多短暂难成（0134/0139）,《紫微斗数全书》贪狼星：桃花主星，化忌主桃花受阻、婚恋难成
hun_302,夫妻,ziwei,婚姻状态,天机独坐夫妻宫——姻缘淡薄，独身之象,天机坐夫妻宫主孤克、姻缘淡薄（《紫微斗数全书》）,《紫微斗数全书》夫妻宫：天机独坐主独身/感情淡泊倾向
zf_301,夫妻,ziwei,婚姻状态,配偶有主见、尊贵，但紫微孤高，配偶缘淡,紫微帝星孤高，坐夫妻宫主配偶尊贵但缘淡,《紫微斗数全书》夫妻宫论
zf_302,夫妻,ziwei,婚姻状态,配偶聪明多智，但天机多变，感情易变,天机善变，坐夫妻宫主配偶聪明但感情多变,《紫微斗数全书》夫妻宫论
zf_303,夫妻,ziwei,婚姻状态,配偶开朗光明（太阳为阳，女命配偶强势）,太阳光明主配偶开朗，女命主配偶强势,《紫微斗数全书》夫妻宫论
zf_304,夫妻,ziwei,婚姻状态,配偶刚强果断，但武曲孤克，婚姻多波折,武曲刚强孤克，坐夫妻宫主婚姻多波折,《紫微斗数全书》夫妻宫论
zf_305,夫妻,ziwei,婚姻状态,配偶温和随和，感情融洽（天同福星）,天同福星温和，坐夫妻宫主感情融洽,《紫微斗数全书》夫妻宫论
zf_306,夫妻,ziwei,婚姻状态,配偶貌美有才，但廉贞桃花，感情多是非,廉贞桃花貌美，坐夫妻宫主感情多是非,《紫微斗数全书》夫妻宫论
zf_307,夫妻,ziwei,婚姻状态,配偶稳重厚道，婚姻稳定,天府库星稳重，坐夫妻宫主婚姻稳定,《紫微斗数全书》夫妻宫论
zf_308,夫妻,ziwei,婚姻状态,配偶温柔内敛，贤惠,太阴温柔内敛，坐夫妻宫主配偶贤惠,《紫微斗数全书》夫妻宫论
zf_309,夫妻,ziwei,婚姻状态,配偶多才多艺，但贪狼桃花，婚姻多波折,贪狼桃花多才，坐夫妻宫主婚姻多波折,《紫微斗数全书》夫妻宫论
zf_310,夫妻,ziwei,婚姻状态,配偶口才好，但巨门暗星，多口舌争执,巨门暗星口舌，坐夫妻宫主多争执,《紫微斗数全书》夫妻宫论
zf_311,夫妻,ziwei,婚姻状态,配偶端正稳重，婚姻和睦,天相吉星端正，坐夫妻宫主婚姻和睦,《紫微斗数全书》夫妻宫论
zf_312,夫妻,ziwei,婚姻状态,配偶成熟有担当，年龄差大,天梁荫星成熟，坐夫妻宫主配偶年长有担当,《紫微斗数全书》夫妻宫论
zf_313,夫妻,ziwei,婚姻状态,配偶刚烈有魄力，但七杀肃杀，婚姻多变动,七杀肃杀刚烈，坐夫妻宫主婚姻多变动,《紫微斗数全书》夫妻宫论
zf_314,夫妻,ziwei,婚姻状态,配偶冲动有冲劲，但破军变动，婚姻多变,破军变动冲动，坐夫妻宫主婚姻多变,《紫微斗数全书》夫妻宫论
zf_320,夫妻,ziwei,婚姻状态,化禄入夫妻宫——姻缘吉、夫妻恩爱,夫妻宫化禄主姻缘吉,《紫微斗数全书》四化论
zf_321,夫妻,ziwei,婚姻状态,化科入夫妻宫——配偶有才名、姻缘清贵,夫妻宫化科主配偶才名,《紫微斗数全书》四化论
zf_322,夫妻,ziwei,婚姻状态,配偶有辅佐、得人助（左辅主助力）,左辅为贵人星坐夫妻宫，主夫妻有辅佐、得人助,《紫微斗数全书》辅星论
zf_323,夫妻,ziwei,婚姻状态,配偶有辅佐、得人助（右弼主辅弼）,右弼为贵人星坐夫妻宫，主夫妻有辅佐、得人助,《紫微斗数全书》辅星论
zf_324,夫妻,ziwei,婚姻状态,配偶有才学、文雅,文昌主才学坐夫妻宫，主夫妻有才学、文雅,《紫微斗数全书》辅星论
zf_325,夫妻,ziwei,婚姻状态,配偶有才艺、聪慧,文曲主才艺坐夫妻宫，主夫妻有才艺、聪慧,《紫微斗数全书》辅星论
zf_326,夫妻,ziwei,婚姻状态,配偶遇贵、逢凶化吉（天魁阳贵显助）,天魁为天乙贵人坐夫妻宫，主夫妻遇贵、逢凶化吉,《紫微斗数全书》辅星论
zf_327,夫妻,ziwei,婚姻状态,配偶遇贵、逢凶化吉（天钺阴贵暗扶）,天钺为天乙贵人坐夫妻宫，主夫妻遇贵、逢凶化吉,《紫微斗数全书》辅星论
zf_328,夫妻,ziwei,婚姻状态,配偶有财、衣食丰足,禄存主财禄坐夫妻宫，主夫妻有财、衣食丰足,《紫微斗数全书》辅星论
zf_329,夫妻,ziwei,婚姻状态,配偶好动、奔波、聚少离多,天马主动坐夫妻宫，主夫妻好动、奔波,《紫微斗数全书》辅星论
zf_330,夫妻,ziwei,婚姻状态,夫妻宫化忌 → 婚姻凶象、配偶受困/关系疏离（宫位层面化忌）,夫妻宫化忌主婚姻凶（《紫微斗数全书》夫妻宫四化）；与贪狼化忌（星曜桃花受损）并列——宫位忌主夫妻宫整体凶，星曜忌主特定星受损,《紫微斗数全书》夫妻宫四化
zn_301,子女,ziwei,子女,子女有出息，子女缘好,紫微尊贵，坐子女宫主子女有出息,《紫微斗数全书》子女宫论
zn_302,子女,ziwei,子女,子女聪明，子女缘多变,天机聪明多变，坐子女宫主子女缘多变,《紫微斗数全书》子女宫论
zn_303,子女,ziwei,子女,子女开朗，子女有出息,太阳光明，坐子女宫主子女有出息,《紫微斗数全书》子女宫论
zn_304,子女,ziwei,子女,子女刚强，子女缘薄,武曲刚强，坐子女宫主子女缘薄,《紫微斗数全书》子女宫论
zn_305,子女,ziwei,子女,子女温和，子女缘好,天同温和，坐子女宫主子女缘好,《紫微斗数全书》子女宫论
zn_306,子女,ziwei,子女,子女貌美，子女缘复杂,廉贞貌美，坐子女宫主子女缘复杂,《紫微斗数全书》子女宫论
zn_307,子女,ziwei,子女,子女稳重，子女有靠,天府稳重，坐子女宫主子女有靠,《紫微斗数全书》子女宫论
zn_308,子女,ziwei,子女,子女温柔，子女缘好,太阴温柔，坐子女宫主子女缘好,《紫微斗数全书》子女宫论
zn_309,子女,ziwei,子女,子女多才，子女缘复杂,贪狼多才，坐子女宫主子女缘复杂,《紫微斗数全书》子女宫论
zn_310,子女,ziwei,子女,子女口才好，子女缘薄,巨门口舌，坐子女宫主子女缘薄,《紫微斗数全书》子女宫论
zn_311,子女,ziwei,子女,子女端正，子女缘好,天相端正，坐子女宫主子女缘好,《紫微斗数全书》子女宫论
zn_312,子女,ziwei,子女,子女有担当，子女有靠,天梁荫星，坐子女宫主子女有靠,《紫微斗数全书》子女宫论
zn_313,子女,ziwei,子女,子女刚烈，子女缘薄,七杀肃杀，坐子女宫主子女缘薄,《紫微斗数全书》子女宫论
zn_314,子女,ziwei,子女,子女多变，子女缘薄,破军变动，坐子女宫主子女缘薄,《紫微斗数全书》子女宫论
zv_101,子女,ziwei,子女,子女宫煞（无吉星）→ 子女刑克，子息损（少子/流产/养子）,子女宫煞主损子（《紫微斗数全书》子女宫论；0084 太阴擎羊仅一子）,《紫微斗数全书》子女宫论
zv_102,子女,ziwei,子女,子女宫吉星（无煞）→ 子女多/有出息/子女得力,子女宫吉星主子女成器（《紫微斗数全书》子女宫论；0144 武曲天府禄存育3子）；吉煞并存者子女有但损（0084 太阴擎羊仅一子）,《紫微斗数全书》子女宫论
zv_104,子女,ziwei,子女,子女宫无主星（无吉星）→ 子女缘薄/迟得,子女宫空主缘薄（《紫微斗数全书》子女宫论）,《紫微斗数全书》子女宫论）
zv_105,子女,ziwei,子女,子女宫化忌 → 子女缘薄/为子女操心劳神,子女宫化忌主刑克操心（《紫微斗数全书》子女宫四化论）,《紫微斗数全书》子女宫四化论）
zv_107,子女,ziwei,子女,子女宫吉煞并存 → 子女有但遭刑克损（子少/流产/养子）,吉星主有子、煞星主损子——吉煞并存则子女可得而多波折（《紫微斗数全书》子女宫论；0084 太阴擎羊仅一子、0144 育3子流产2）,《紫微斗数全书》子女宫论
zw_104,子女,ziwei,子女,子女宫空：子女缘薄/迟得,子女宫无主星 → 子息缘分薄（紫微斗数子女宫论）,《紫微斗数全书》子女宫论：子女宫空主子女缘薄/迟得
zs_301,官禄,ziwei,事业档,帝星坐官禄（紫微为贵）——事业掌权显贵,紫微帝星坐官禄宫主贵掌权,《紫微斗数全书》官禄宫论
zs_302,官禄,ziwei,事业档,天机坐官禄——智谋，事业多变,天机坐官禄宫主智谋多变,《紫微斗数全书》官禄宫论
zs_303,官禄,ziwei,事业档,太阳坐官禄——光明，事业显达,太阳坐官禄宫主事业显达,《紫微斗数全书》官禄宫论
zs_304,官禄,ziwei,事业档,武曲坐官禄——财官，事业有成,武曲坐官禄宫主事业有成,《紫微斗数全书》官禄宫论
zs_305,官禄,ziwei,事业档,天同坐官禄——安逸，事业平稳,天同坐官禄宫主事业平稳,《紫微斗数全书》官禄宫论
zs_306,官禄,ziwei,事业档,廉贞坐官禄——有成但多是非,廉贞坐官禄宫主有成多是非,《紫微斗数全书》官禄宫论
zs_307,官禄,ziwei,事业档,天府坐官禄——稳重，事业稳,天府坐官禄宫主事业稳,《紫微斗数全书》官禄宫论
zs_308,官禄,ziwei,事业档,太阴坐官禄——内敛，事业稳,太阴坐官禄宫主事业内敛稳,《紫微斗数全书》官禄宫论
zs_309,官禄,ziwei,事业档,贪狼坐官禄——交际，事业多变,贪狼坐官禄宫主交际多变,《紫微斗数全书》官禄宫论
zs_310,官禄,ziwei,事业档,巨门坐官禄——口舌，事业多是非,巨门坐官禄宫主口舌是非,《紫微斗数全书》官禄宫论
zs_311,官禄,ziwei,事业档,天相坐官禄——辅佐，事业顺遂,天相坐官禄宫主事业顺,《紫微斗数全书》官禄宫论
zs_312,官禄,ziwei,事业档,天梁坐官禄——荫庇，事业有靠,天梁坐官禄宫主事业有靠,《紫微斗数全书》官禄宫论
zs_313,官禄,ziwei,事业档,七杀坐官禄——开创，事业变动大,七杀坐官禄宫主开创变动,《紫微斗数全书》官禄宫论
zs_314,官禄,ziwei,事业档,破军坐官禄——变动，事业多变,破军坐官禄宫主事业多变,《紫微斗数全书》官禄宫论
zs_320,官禄,ziwei,事业档,化权入官禄宫——事业掌权、升迁,官禄宫化权主升迁掌权,《紫微斗数全书》四化论
zs_321,官禄,ziwei,事业档,化科入官禄宫——事业名声、清誉,官禄宫化科主事业名声,《紫微斗数全书》四化论
zs_322,官禄,ziwei,事业档,官禄宫化忌 → 事业受阻/多波折/岗位变动，宜少动求稳（官禄宫四化之忌）,官禄宫化忌主事业困顿（《紫微斗数全书》官禄宫四化）；gong12 化忌所在宫为人生命题，yingqi 流年官禄化忌=事业败年——本命化忌主劳多成少,《紫微斗数全书》官禄宫四化
zw_zy_302,官禄,ziwei,职业类型,官禄宫煞（地空地劫/陀罗）+ 无主星强——职业不稳定/转工/波折（官禄空劫主职业漂泊；0128 不停转工）,官禄宫空劫主职业不稳定（《紫微斗数全书》官禄宫论）,《紫微斗数全书》官禄空劫主漂泊
zy_201,官禄,ziwei,职业类型,官禄宫文昌/文曲 → 文书/文职类（行政/文秘/文书/文教）——体力星组并存时并列裁决,官禄宫昌曲主文职（《紫微斗数全书》）；体力星组（太阳旺/火星/天马/破军）并存须并列（fangfa/shiye.md）,《紫微斗数全书》）
zw_201,官禄,ziwei,事业,官禄宫化禄 → 事业顺遂、名位有成,官禄宫化禄主事业得志（《紫微斗数全书》官禄宫四化论）,《紫微斗数全书》官禄宫四化论）
zw_202,官禄,ziwei,事业,官禄宫煞 → 事业多波折，劳碌多变,官禄宫煞主事业阻（《紫微斗数全书》官禄宫论）,《紫微斗数全书》官禄宫论）
zw_203,官禄,ziwei,事业,官禄宫强主星（紫微/太阳/武曲/天府）→ 事业有成、宜掌事,官禄宫强主星主事业显达（《紫微斗数全书》官禄宫论）,《紫微斗数全书》官禄宫论）
ypy_201,年仆役,ziwei,流年,流年仆役宫化禄 → 交友得助、人缘顺遂（仆役禄主朋友助力）,紫微流年四化入仆役宫（《紫微斗数全书》四化论）,《紫微斗数全书》四化论
ypy_202,年仆役,ziwei,流年,流年仆役宫化忌 → 损友/被欺/小人，防失和（仆役忌主交友耗）,紫微流年四化入仆役宫（《紫微斗数全书》四化论）,《紫微斗数全书》四化论
yxd_201,年兄弟,ziwei,流年,流年兄弟宫化禄 → 手足相助、手足得利（兄弟禄主手足和助）,紫微流年四化入兄弟宫（《紫微斗数全书》四化论）,《紫微斗数全书》四化论
yxd_202,年兄弟,ziwei,流年,流年兄弟宫化忌 → 手足耗损/纷争，助力弱（兄弟忌主手足不睦）,紫微流年四化入兄弟宫（《紫微斗数全书》四化论）,《紫微斗数全书》四化论
ysz_204,年命宫,ziwei,流年名声,流年命宫化科——本人名声/认可,紫微斗数科入命宫 → 本人得名（《紫微斗数全书》四化）,《紫微斗数全书》四化
ysz_205,年命宫,ziwei,流年本人困,流年命宫化忌——本人困顿/是非,紫微斗数忌入命宫 → 本人不顺（《紫微斗数全书》命宫忌）,《紫微斗数全书》四化
ymz_201,年夫妻,ziwei,流年婚吉,流年夫妻宫化禄——感情/姻缘吉应,紫微斗数夫妻宫禄 → 感情吉（《紫微斗数全书》夫妻禄）,《紫微斗数全书》夫妻四化
ymz_202,年夫妻,ziwei,流年婚凶,流年夫妻宫化忌——感情/婚姻凶应,紫微斗数夫妻宫忌 → 感情凶（《紫微斗数全书》夫妻忌）,《紫微斗数全书》夫妻四化
yzz_201,年子女,ziwei,流年得子吉,流年子女宫化禄——得子/生育吉应,紫微斗数子女宫禄 → 得子吉（《紫微斗数全书》子女禄主得子）,《紫微斗数全书》子女四化
yzz_202,年子女,ziwei,流年子女凶,流年子女宫化忌——孕产凶险/子女灾,紫微斗数子女宫忌 → 孕产凶险（《紫微斗数全书》子女忌；考时补则 1：凶险≠否定得子）,《紫微斗数全书》子女四化
ysz_201,年官禄,ziwei,流年事业升,流年官禄化权——掌权/升迁/事业权柄,紫微斗数官禄宫主事业，流年权入官禄 → 掌权升迁（《紫微斗数全书》官禄权主掌权）,《紫微斗数全书》官禄四化
ysz_202,年官禄,ziwei,流年事业名,流年官禄化科——事业名声/文职晋升,紫微斗数科入官禄 → 事业名声（《紫微斗数全书》官禄科主职名）,《紫微斗数全书》官禄四化
ysz_203,年官禄,ziwei,流年事业挫,流年官禄化忌——事业挫折/转工,紫微斗数忌入官禄 → 事业困顿（《紫微斗数全书》官禄忌）,《紫微斗数全书》官禄四化
yxz_201,年官禄,ziwei,流年考试吉,流年官禄化科——考试/升学/文名吉应（官禄=科甲宫）,紫微斗数官禄宫为科甲宫，流年科入 → 考试中举（《紫微斗数全书》科甲）,《紫微斗数全书》科甲
yxz_202,年官禄,ziwei,流年学业竞,流年官禄化权——学业竞争得势,紫微斗数权入官禄（科甲宫）→ 学业争名（《紫微斗数全书》四化）,《紫微斗数全书》四化
yxz_203,年官禄,ziwei,流年考试挫,流年官禄化忌——考试失利/学业挫折,紫微斗数忌入官禄（科甲宫）→ 考试失利（《紫微斗数全书》官禄忌）,《紫微斗数全书》四化
ylz_201,年父母,ziwei,流年父母凶,流年父母宫化忌——父母灾候选,紫微斗数父母宫忌 → 父母灾（《紫微斗数全书》父母忌；0089 父母宫忌应母逝）,《紫微斗数全书》父母四化
ytz_201,年田宅,ziwei,流年,流年田宅宫化禄 → 房产进益、置业得财，家宅顺遂（田宅禄主房财受益）,紫微流年四化入田宅宫（《紫微斗数全书》四化论）,《紫微斗数全书》四化论
ytz_202,年田宅,ziwei,流年,流年田宅宫化忌 → 房产变动/破耗/搬迁，家宅多事（田宅忌主宅事耗）,紫微流年四化入田宅宫（《紫微斗数全书》四化论）,《紫微斗数全书》四化论
yjz_201,年疾厄,ziwei,流年病灾,流年疾厄化忌——病灾/手术/健康凶年,紫微斗数疾厄宫主身体，流年四化忌入疾厄宫 → 病灾手术（《紫微斗数全书》疾厄忌主病；考时补则 6：疾厄大限+流年引动疾厄宫）,《紫微斗数全书》疾厄四化
yjz_202,年福德,ziwei,流年精神,流年福德化忌——精神/心理/情绪困扰年,紫微斗数福德宫主精神，流年四化忌入福德宫 → 精神心理年（《紫微斗数全书》福德主精神；ying_305 同构）,《紫微斗数全书》福德四化
ycz_201,年财帛,ziwei,流年得财,流年财帛宫化禄——进财吉应,紫微斗数财帛宫禄 → 进财（《紫微斗数全书》财帛禄）,《紫微斗数全书》财帛四化
ycz_202,年财帛,ziwei,流年破财,流年财帛宫化忌——破财凶应,紫微斗数财帛宫忌 → 破财（《紫微斗数全书》财帛忌）,《紫微斗数全书》财帛四化
yqy_201,年迁移,ziwei,流年,流年迁移宫化禄 → 出行顺利、异地得利，外务有成（迁移禄主外出吉）,紫微流年四化入迁移宫（《紫微斗数全书》四化论）,《紫微斗数全书》四化论
yqy_202,年迁移,ziwei,流年,流年迁移宫化忌 → 出行不顺/耗散，异动多波折（迁移忌主外出劳）,紫微流年四化入迁移宫（《紫微斗数全书》四化论）,《紫微斗数全书》四化论
zg_301,格局,ziwei,格局,天府天相朝拱命宫三方——富贵稳健（财帛稳重、有权有财）,天府天相为财库印星朝拱，主富贵稳健,《紫微斗数全书》格局篇
zg_302,格局,ziwei,格局,天机太阴天同天梁汇聚命宫三方——公职文职（吏人格局）,机月同梁为公门格局，主文职吏人,《紫微斗数全书》格局篇
zg_303,格局,ziwei,格局,左辅右弼拱命宫——贵人辅佐、得人助,辅弼为左右贵人拱主，主得人助,《紫微斗数全书》格局篇
zg_304,格局,ziwei,格局,太阳独坐午宫庙旺（金灿光辉）——光明磊落，贵人相助,太阳午宫庙旺为金灿光辉格，主光明磊落有贵人（《紫微斗数全书》格局篇）,《紫微斗数全书》格局篇
zg_305,格局,ziwei,格局,太阳太阴双双落陷（日月失辉）——劳碌奔波，努力而难显达,日月反背失辉主劳碌,《紫微斗数全书》格局篇
zg_306,格局,ziwei,格局,禄马交驰（禄存+天马同宫或对照）——财动，富贵奔波,禄马交驰主财动奔波（《紫微斗数全书》格局篇）,《紫微斗数全书》格局篇
zg_307,格局,ziwei,格局,紫微坐命宫朝垣——帝星得位，尊贵,紫微朝垣主尊贵（《紫微斗数全书》格局篇）,《紫微斗数全书》格局篇
zg_308,格局,ziwei,格局,财星荫星夹印（天府天梁夹印）——财帛有荫庇,财荫夹印主财帛有荫（《紫微斗数全书》格局篇）,《紫微斗数全书》格局篇
zg_309,格局,ziwei,格局,巨门火星擎羊同宫——是非官非，刑伤难免,巨火羊凶格主是非官非（《紫微斗数全书》格局篇）,《紫微斗数全书》格局篇
zg_310,格局,ziwei,格局,天相被化忌天刑夹制——受制受拖累，行事多阻,刑忌夹印凶格主受制拖累（《紫微斗数全书》格局篇）,《紫微斗数全书》格局篇
zg_311,格局,ziwei,格局,七杀破军贪狼会聚命宫三方——变动大开大合，人生起伏剧烈,杀破狼格局主变动开创，一生多起伏大成,《紫微斗数全书》格局篇
zg_312,格局,ziwei,格局,太阳太阴双双庙旺——阴阳调和，光明磊落，名利双收,日月并明主光明显达,《紫微斗数全书》格局篇
zg_313,格局,ziwei,格局,太阴居亥庙旺——清贵文采，性格温文,月朗天门主清贵,《紫微斗数全书》格局篇
zg_314,格局,ziwei,格局,火星贪狼同宫——横发之格，暴发有成,火贪格主横发暴发,《紫微斗数全书》格局篇
zg_315,格局,ziwei,格局,铃星贪狼同宫——暗发之格，不显山露水而发,铃贪格主暗发,《紫微斗数全书》格局篇
zg_316,格局,ziwei,格局,太阳天梁文昌禄存会照——功名显达，考试科举有成,阳梁昌禄主功名考试,《紫微斗数全书》格局篇
zg_317,格局,ziwei,格局,天魁天钺夹命宫——贵人扶持，逢凶化吉,魁钺夹命主贵人助,《紫微斗数全书》格局篇
zg_318,格局,ziwei,格局,左辅右弼夹命宫——助力环绕，得人多助,左右夹命主助力,《紫微斗数全书》格局篇
zg_319,格局,ziwei,格局,两颗化禄在命宫三方——财禄丰厚，财运亨通,双禄朝垣主财禄,《紫微斗数全书》格局篇
zg_320,格局,ziwei,格局,擎羊入庙于辰戌丑未——刚毅有威，权柄在握,擎羊入庙主威权,《紫微斗数全书》格局篇
zg_321,格局,ziwei,格局,文昌文曲三方会照——才华出众，文采风流,文星拱命主才华,《紫微斗数全书》格局篇
zg_322,格局,ziwei,格局,太阳居午宫——光明磊落，如日中天,日丽中天主光明,《紫微斗数全书》格局篇
zg_323,格局,ziwei,格局,巨门太阳同宫——照破暗昧，口才出众,巨日同宫主口才,《紫微斗数全书》格局篇
zg_324,格局,ziwei,格局,巨门天机同宫——心思缜密，思虑周详,巨机同宫主心思,《紫微斗数全书》格局篇
zg_325,格局,ziwei,格局,廉贞七杀同宫——将星得地，刚毅果敢,廉杀同宫主将星,《紫微斗数全书》格局篇
zg_326,格局,ziwei,格局,破军入庙——英雄独断，开创能力强,雄宿乾元主开创,《紫微斗数全书》格局篇
fm_301,父母,ziwei,父母关系,父母尊贵，父母缘好,紫微帝星尊贵，坐父母宫主父母贵,《紫微斗数全书》父母宫论
fm_302,父母,ziwei,父母关系,父母聚少离多，多变动,天机多变，坐父母宫主父母聚散,《紫微斗数全书》父母宫论
fm_303,父母,ziwei,父母关系,父母开朗，父亲缘好,太阳光明，坐父母宫主父缘好,《紫微斗数全书》父母宫论
fm_304,父母,ziwei,父母关系,父母刚强，父母缘薄,武曲刚强，坐父母宫主父母缘薄,《紫微斗数全书》父母宫论
fm_305,父母,ziwei,父母关系,父母温和，父母缘好,天同温和，坐父母宫主父母缘好,《紫微斗数全书》父母宫论
fm_306,父母,ziwei,父母关系,父母多是非，父母缘复杂,廉贞是非，坐父母宫主父母缘复杂,《紫微斗数全书》父母宫论
fm_307,父母,ziwei,父母关系,父母稳重，父母有靠,天府稳重，坐父母宫主父母有靠,《紫微斗数全书》父母宫论
fm_308,父母,ziwei,父母关系,父母温柔，母亲缘好,太阴温柔，坐父母宫主母缘好,《紫微斗数全书》父母宫论
fm_309,父母,ziwei,父母关系,父母多才，父母缘复杂,贪狼多才，坐父母宫主父母缘复杂,《紫微斗数全书》父母宫论
fm_310,父母,ziwei,父母关系,父母多口舌，父母缘薄,巨门口舌，坐父母宫主父母缘薄,《紫微斗数全书》父母宫论
fm_311,父母,ziwei,父母关系,父母端正，父母缘好,天相端正，坐父母宫主父母缘好,《紫微斗数全书》父母宫论
fm_312,父母,ziwei,父母关系,父母有荫庇，父母有靠,天梁荫星，坐父母宫主父母有靠,《紫微斗数全书》父母宫论
fm_313,父母,ziwei,父母关系,父母刚烈，父母缘薄,七杀肃杀，坐父母宫主父母缘薄,《紫微斗数全书》父母宫论
fm_314,父母,ziwei,父母关系,父母多变，父母缘薄,破军变动，坐父母宫主父母缘薄,《紫微斗数全书》父母宫论
fm_315,父母,ziwei,父母关系,父母有辅佐、得人助（左辅主助力）,左辅为贵人星坐父母宫，主父母有辅佐、得人助,《紫微斗数全书》辅星论
fm_316,父母,ziwei,父母关系,父母有辅佐、得人助（右弼主辅弼）,右弼为贵人星坐父母宫，主父母有辅佐、得人助,《紫微斗数全书》辅星论
fm_317,父母,ziwei,父母关系,父母有才学、文雅,文昌主才学坐父母宫，主父母有才学、文雅,《紫微斗数全书》辅星论
fm_318,父母,ziwei,父母关系,父母有才艺、聪慧,文曲主才艺坐父母宫，主父母有才艺、聪慧,《紫微斗数全书》辅星论
fm_319,父母,ziwei,父母关系,父母遇贵、逢凶化吉（天魁阳贵显助）,天魁为天乙贵人坐父母宫，主父母遇贵、逢凶化吉,《紫微斗数全书》辅星论
fm_320,父母,ziwei,父母关系,父母遇贵、逢凶化吉（天钺阴贵暗扶）,天钺为天乙贵人坐父母宫，主父母遇贵、逢凶化吉,《紫微斗数全书》辅星论
fm_321,父母,ziwei,父母关系,父母有财、衣食丰足,禄存主财禄坐父母宫，主父母有财、衣食丰足,《紫微斗数全书》辅星论
fm_322,父母,ziwei,父母关系,父母好动、奔波,天马主动坐父母宫，主父母好动、奔波,《紫微斗数全书》辅星论
zw_301,父母,ziwei,六亲,父母宫煞 → 父母缘薄或父亲刑克,父母宫煞主父母不利（《紫微斗数全书》父母宫论）,《紫微斗数全书》父母宫论）
zw_302,父母,ziwei,六亲,父母宫化忌 → 为父母操心，父母健康/缘薄,父母宫化忌主父母忧（《紫微斗数全书》父母宫四化论）,《紫微斗数全书》父母宫四化论）
tz_101,田宅,ziwei,房产,田宅宫见财星（武曲/太阴/天府）→ 置产置业能力强，名下房产丰,财星入田宅主置业（《紫微斗数全书》田宅宫论；0104 武曲破军田宅二间公寓）,《紫微斗数全书》田宅宫论
tz_102,田宅,ziwei,房产,田宅宫化禄 → 房产丰盈、置产顺利，靠房产受益,田宅宫化禄主房产丰（《紫微斗数全书》田宅宫四化论）,《紫微斗数全书》田宅宫四化论）
tz_103,田宅,ziwei,房产,田宅宫煞（无财星）→ 房产变动大、置产多波折（买卖频繁/搬动），非必然难守,"田宅宫煞主房产变动（《紫微斗数全书》）——煞主""动""非""败""：置产经变动波折而成功（用户 1981 男命田宅宫煞仍买 6 套房收租）；有财星者煞亦主置产多波折","《紫微斗数全书》）——煞主""动""非""败""：置产经变动波折而成功（用户 1981 男命田宅宫煞仍买 6 套房收租）"
tz_104,田宅,ziwei,房产,田宅宫主星落陷（无财星）→ 置产难，房产运势弱,田宅宫主星陷主置产难（《紫微斗数全书》）,《紫微斗数全书》
zt_301,田宅,ziwei,房产,家宅尊贵，房产有成,紫微帝星，坐田宅宫主房产有成,《紫微斗数全书》田宅宫论
zt_302,田宅,ziwei,房产,家宅多变动，搬迁,天机多变，坐田宅宫主家宅变动,《紫微斗数全书》田宅宫论
zt_303,田宅,ziwei,房产,家宅光明，房产有成,太阳光明，坐田宅宫主房产有成,《紫微斗数全书》田宅宫论
zt_304,田宅,ziwei,房产,家宅财星，房产有成,武曲财星，坐田宅宫主房产有成,《紫微斗数全书》田宅宫论
zt_305,田宅,ziwei,房产,家宅安逸，安土重迁,天同安逸，坐田宅宫主安土重迁,《紫微斗数全书》田宅宫论
zt_306,田宅,ziwei,房产,家宅多是非，防宅争,廉贞是非，坐田宅宫主防宅争,《紫微斗数全书》田宅宫论
zt_307,田宅,ziwei,房产,家宅库星，房产丰厚,天府库星，坐田宅宫主房产丰厚,《紫微斗数全书》田宅宫论
zt_308,田宅,ziwei,房产,家宅田宅主，房产有成,太阴田宅主，坐田宅宫主房产有成,《紫微斗数全书》田宅宫论
zt_309,田宅,ziwei,房产,家宅多花费，房产多变动,贪狼花费，坐田宅宫主房产多变动,《紫微斗数全书》田宅宫论
zt_310,田宅,ziwei,房产,家宅多口舌，防宅争,巨门口舌，坐田宅宫主防宅争,《紫微斗数全书》田宅宫论
zt_311,田宅,ziwei,房产,家宅端正，家宅和睦,天相端正，坐田宅宫主家宅和睦,《紫微斗数全书》田宅宫论
zt_312,田宅,ziwei,房产,家宅有荫庇，房产有靠,天梁荫星，坐田宅宫主房产有靠,《紫微斗数全书》田宅宫论
zt_313,田宅,ziwei,房产,家宅变动大，搬迁,七杀变动，坐田宅宫主搬迁,《紫微斗数全书》田宅宫论
zt_314,田宅,ziwei,房产,家宅多变，搬迁,破军变动，坐田宅宫主搬迁,《紫微斗数全书》田宅宫论
zt_315,田宅,ziwei,房产,家宅有辅佐、得人助（左辅主助力）,左辅为贵人星坐田宅宫，主田宅有辅佐、得人助,《紫微斗数全书》辅星论
zt_316,田宅,ziwei,房产,家宅有辅佐、得人助（右弼主辅弼）,右弼为贵人星坐田宅宫，主田宅有辅佐、得人助,《紫微斗数全书》辅星论
zt_317,田宅,ziwei,房产,家宅有才学、文雅,文昌主才学坐田宅宫，主田宅有才学、文雅,《紫微斗数全书》辅星论
zt_318,田宅,ziwei,房产,家宅有才艺、聪慧,文曲主才艺坐田宅宫，主田宅有才艺、聪慧,《紫微斗数全书》辅星论
zt_319,田宅,ziwei,房产,家宅遇贵、逢凶化吉（天魁阳贵显助）,天魁为天乙贵人坐田宅宫，主田宅遇贵、逢凶化吉,《紫微斗数全书》辅星论
zt_320,田宅,ziwei,房产,家宅遇贵、逢凶化吉（天钺阴贵暗扶）,天钺为天乙贵人坐田宅宫，主田宅遇贵、逢凶化吉,《紫微斗数全书》辅星论
zt_321,田宅,ziwei,房产,家宅有财、衣食丰足,禄存主财禄坐田宅宫，主田宅有财、衣食丰足,《紫微斗数全书》辅星论
zt_322,田宅,ziwei,房产,家宅好动、奔波,天马主动坐田宅宫，主田宅好动、奔波,《紫微斗数全书》辅星论
zj_301,疾厄,ziwei,健康,体质尊贵，先天底子好，少大病,紫微属土为尊，坐疾厄宫主体质尊贵少病,《紫微斗数全书》疾厄宫论
zj_302,疾厄,ziwei,健康,肝胆、神经系统，多思虑劳神,天机属木主肝胆，坐疾厄宫主神经思虑,《紫微斗数全书》疾厄宫论
zj_303,疾厄,ziwei,健康,心脏、眼睛（火），防心火目疾,太阳属火主心，坐疾厄宫主心火目疾,《紫微斗数全书》疾厄宫论
zj_304,疾厄,ziwei,健康,肺、呼吸道（金），防呼吸道疾病,武曲属金主肺，坐疾厄宫主呼吸道疾病,《紫微斗数全书》疾厄宫论
zj_305,疾厄,ziwei,健康,肾、泌尿系统（水），防泌尿水肿,天同属水主肾，坐疾厄宫主泌尿疾病,《紫微斗数全书》疾厄宫论
zj_306,疾厄,ziwei,健康,血液循环、内分泌，多暗疾,廉贞属火主血，坐疾厄宫主血液循环暗疾,《紫微斗数全书》疾厄宫论
zj_307,疾厄,ziwei,健康,脾胃、消化（土），体质尚可,天府属土主脾胃，坐疾厄宫主体质尚可,《紫微斗数全书》疾厄宫论
zj_308,疾厄,ziwei,健康,肾、妇科（水），防肾妇科,太阴属水主肾，坐疾厄宫主肾妇科,《紫微斗数全书》疾厄宫论
zj_309,疾厄,ziwei,健康,肝胆、内分泌（木），防欲多耗身,贪狼属木主肝胆，坐疾厄宫主内分泌耗身,《紫微斗数全书》疾厄宫论
zj_310,疾厄,ziwei,健康,口腔、咽喉、肠胃（土），多隐疾,巨门主口舌肠胃，坐疾厄宫主隐疾,《紫微斗数全书》疾厄宫论
zj_311,疾厄,ziwei,健康,泌尿（水），体质平和,天相属水主泌尿，坐疾厄宫主体质平和,《紫微斗数全书》疾厄宫论
zj_312,疾厄,ziwei,健康,脾胃（土），有惊无险逢凶化吉,天梁属土主脾胃，坐疾厄宫主有惊无险,《紫微斗数全书》疾厄宫论
zj_313,疾厄,ziwei,健康,外伤、手术（金），体质刚健,七杀属金肃杀，坐疾厄宫主外伤手术,《紫微斗数全书》疾厄宫论
zj_314,疾厄,ziwei,健康,内分泌、妇科（水），防变动伤身,破军属水变动，坐疾厄宫主内分泌妇科,《紫微斗数全书》疾厄宫论
zw_101,疾厄,ziwei,健康,疾厄宫化忌+陷：健康大凶（心脏/血光/慢性疾）,疾厄宫主星化忌且落陷 → 该脏腑疾病（0116 廉贞忌+破军陷→心脏）,《紫微斗数全书》疾厄宫四化：疾厄宫化忌而星陷主健康大凶
zw_601,疾厄,ziwei,寿元,疾厄宫化忌 → 健康隐患重（对应主星脏腑），需关注大限/流年引动（寿关信号）,疾厄宫化忌主疾厄（《紫微斗数全书》）；寿元为大限流年引动——归 agent 考时，不作硬断,《紫微斗数全书》）
fd_301,福德,ziwei,精神,精神尊贵，福气深厚,紫微尊贵，坐福德宫主福气深厚,《紫微斗数全书》福德宫论
fd_302,福德,ziwei,精神,精神多思虑，劳心,天机多思，坐福德宫主劳心,《紫微斗数全书》福德宫论
fd_303,福德,ziwei,精神,精神光明，乐观,太阳光明，坐福德宫主乐观,《紫微斗数全书》福德宫论
fd_304,福德,ziwei,精神,精神刚强，劳碌,武曲刚强，坐福德宫主劳碌,《紫微斗数全书》福德宫论
fd_305,福德,ziwei,精神,精神安逸，福气好,天同福星，坐福德宫主福气好,《紫微斗数全书》福德宫论
fd_306,福德,ziwei,精神,精神多烦恼，防是非,廉贞是非，坐福德宫主烦恼,《紫微斗数全书》福德宫论
fd_307,福德,ziwei,精神,精神稳重，福气厚,天府稳重，坐福德宫主福气厚,《紫微斗数全书》福德宫论
fd_308,福德,ziwei,精神,精神内敛，宁静,太阴内敛，坐福德宫主宁静,《紫微斗数全书》福德宫论
fd_309,福德,ziwei,精神,精神多欲，防耗神,贪狼多欲，坐福德宫主防耗神,《紫微斗数全书》福德宫论
fd_310,福德,ziwei,精神,精神多虑，防郁,巨门多虑，坐福德宫主防郁,《紫微斗数全书》福德宫论
fd_311,福德,ziwei,精神,精神平和，福气好,天相平和，坐福德宫主福气好,《紫微斗数全书》福德宫论
fd_312,福德,ziwei,精神,精神有荫庇，逢凶化吉,天梁荫星，坐福德宫主逢凶化吉,《紫微斗数全书》福德宫论
fd_313,福德,ziwei,精神,精神刚烈，劳碌,七杀刚烈，坐福德宫主劳碌,《紫微斗数全书》福德宫论
fd_314,福德,ziwei,精神,精神多变，劳心,破军变动，坐福德宫主劳心,《紫微斗数全书》福德宫论
fd_315,福德,ziwei,精神,精神有辅佐、得人助（左辅主助力）,左辅为贵人星坐福德宫，主福德有辅佐、得人助,《紫微斗数全书》辅星论
fd_316,福德,ziwei,精神,精神有辅佐、得人助（右弼主辅弼）,右弼为贵人星坐福德宫，主福德有辅佐、得人助,《紫微斗数全书》辅星论
fd_317,福德,ziwei,精神,精神有才学、文雅,文昌主才学坐福德宫，主福德有才学、文雅,《紫微斗数全书》辅星论
fd_318,福德,ziwei,精神,精神有才艺、聪慧,文曲主才艺坐福德宫，主福德有才艺、聪慧,《紫微斗数全书》辅星论
fd_319,福德,ziwei,精神,精神遇贵、逢凶化吉（天魁阳贵显助）,天魁为天乙贵人坐福德宫，主福德遇贵、逢凶化吉,《紫微斗数全书》辅星论
fd_320,福德,ziwei,精神,精神遇贵、逢凶化吉（天钺阴贵暗扶）,天钺为天乙贵人坐福德宫，主福德遇贵、逢凶化吉,《紫微斗数全书》辅星论
fd_321,福德,ziwei,精神,精神有财、衣食丰足,禄存主财禄坐福德宫，主福德有财、衣食丰足,《紫微斗数全书》辅星论
fd_322,福德,ziwei,精神,精神好动、奔波,天马主动坐福德宫，主福德好动、奔波,《紫微斗数全书》辅星论
zc_301,财帛,ziwei,财运,帝星坐财帛（紫微为贵）——财贵，善理财,紫微帝星坐财帛宫主财贵,《紫微斗数全书》财帛宫论
zc_302,财帛,ziwei,财运,天机坐财帛——智谋生财，财来财去,天机坐财帛宫主智谋生财,《紫微斗数全书》财帛宫论
zc_303,财帛,ziwei,财运,太阳坐财帛——散财好面子，财难聚,太阳坐财帛宫主散财,《紫微斗数全书》财帛宫论
zc_304,财帛,ziwei,财运,财星坐财帛（武曲为财星）——财运旺，理财得力,武曲为财星，坐财帛宫主财旺,《紫微斗数全书》财帛宫论
zc_305,财帛,ziwei,财运,天同坐财帛——安逸平稳，财不求多,天同坐财帛宫主财平稳,《紫微斗数全书》财帛宫论
zc_306,财帛,ziwei,财运,廉贞坐财帛——有财但多是非,廉贞坐财帛宫主财多是非,《紫微斗数全书》财帛宫论
zc_307,财帛,ziwei,财运,库星坐财帛（天府为库星）——财厚善蓄,天府为库星，坐财帛宫主财厚,《紫微斗数全书》财帛宫论
zc_308,财帛,ziwei,财运,田宅主坐财帛（太阴主财宅）——财稳有积蓄,太阴主财宅，坐财帛宫主财稳,《紫微斗数全书》财帛宫论
zc_309,财帛,ziwei,财运,贪狼坐财帛——主横财，财来财去多花费,贪狼坐财帛宫主横财多花,《紫微斗数全书》财帛宫论
zc_310,财帛,ziwei,财运,巨门坐财帛——口舌生财，多是非,巨门坐财帛宫主口舌生财,《紫微斗数全书》财帛宫论
zc_311,财帛,ziwei,财运,天相坐财帛——辅佐顺遂，财稳,天相坐财帛宫主财顺遂,《紫微斗数全书》财帛宫论
zc_312,财帛,ziwei,财运,天梁坐财帛——荫庇有靠，财有根基,天梁坐财帛宫主财有靠,《紫微斗数全书》财帛宫论
zc_313,财帛,ziwei,财运,七杀坐财帛——财来财去，波动大,七杀坐财帛宫主财波动,《紫微斗数全书》财帛宫论
zc_314,财帛,ziwei,财运,破军坐财帛——主破财，财难聚,破军坐财帛宫主破财,《紫微斗数全书》财帛宫论
zc_320,财帛,ziwei,财运,禄存坐财帛宫——财丰、财帛有积,禄存为财星坐财帛，主财丰,《紫微斗数全书》辅星论
zc_321,财帛,ziwei,财运,化禄入财帛宫——财丰、进财,财帛宫化禄主进财,《紫微斗数全书》四化论
zc_322,财帛,ziwei,财运,财帛宫化忌 → 破财、进财波折、财来财去（财帛宫四化之忌）,财帛宫化忌主破财（《紫微斗数全书》财帛宫四化）；gong12 化忌所在宫为人生课题，财帛忌须防透支,《紫微斗数全书》财帛宫四化
zw_103,财帛,ziwei,财运,财帛宫煞：财难守，先聚后散,财帛宫陀罗/地劫/擎羊 → 财来财去（紫微斗数财帛宫论）,《紫微斗数全书》财帛宫论：财帛宫煞主财难守先聚后散
qy_102,迁移,ziwei,迁移,迁移宫得动星（紫微/七杀/太阳/天马）→ 外出发展有利，异地可成,迁移宫得动星主外出显达（《紫微斗数全书》迁移宫论；0158 迁移宫紫微七杀搬迁成功）,《紫微斗数全书》迁移宫论
qy_103,迁移,ziwei,迁移,迁移宫无主星 → 外出无靠，宜守本乡（出外波折）,迁移宫空主外出不利（《紫微斗数全书》迁移宫论）,《紫微斗数全书》迁移宫论）
qy_105,迁移,ziwei,迁移,迁移宫化禄 → 外出得利，异乡发展有助益,迁移宫化禄主外出有利（《紫微斗数全书》迁移宫四化论）,《紫微斗数全书》迁移宫四化论）
zq_301,迁移,ziwei,迁移,外出遇贵人，出外显贵,紫微帝星出外主贵，坐迁移宫主外出遇贵,《紫微斗数全书》迁移宫论
zq_302,迁移,ziwei,迁移,外出多变动奔波，劳碌,天机多变，坐迁移宫主外出奔波劳碌,《紫微斗数全书》迁移宫论
zq_303,迁移,ziwei,迁移,外出光明主名声，出外扬名,太阳光明，坐迁移宫主出外扬名,《紫微斗数全书》迁移宫论
zq_304,迁移,ziwei,迁移,外出求财，奔波劳碌,武曲财星奔波，坐迁移宫主外出求财,《紫微斗数全书》迁移宫论
zq_305,迁移,ziwei,迁移,外出安逸，随遇而安,天同福星安逸，坐迁移宫主外出随遇而安,《紫微斗数全书》迁移宫论
zq_306,迁移,ziwei,迁移,外出多交际，防是非,廉贞交际，坐迁移宫主外出多是非,《紫微斗数全书》迁移宫论
zq_307,迁移,ziwei,迁移,外出稳重有靠，出外得助,天府稳重，坐迁移宫主外出得助,《紫微斗数全书》迁移宫论
zq_308,迁移,ziwei,迁移,外出内敛平稳，宜静,太阴内敛，坐迁移宫主外出宜静,《紫微斗数全书》迁移宫论
zq_309,迁移,ziwei,迁移,外出多机遇，交际广,贪狼机遇多，坐迁移宫主外出交际广,《紫微斗数全书》迁移宫论
zq_310,迁移,ziwei,迁移,外出多口舌，防是非,巨门口舌，坐迁移宫主外出多是非,《紫微斗数全书》迁移宫论
zq_311,迁移,ziwei,迁移,外出平顺，遇贵人,天相平顺，坐迁移宫主外出遇贵人,《紫微斗数全书》迁移宫论
zq_312,迁移,ziwei,迁移,外出有荫庇，逢凶化吉,天梁荫庇，坐迁移宫主外出逢凶化吉,《紫微斗数全书》迁移宫论
zq_313,迁移,ziwei,迁移,外出变动大，奔波闯荡,七杀变动，坐迁移宫主外出奔波闯荡,《紫微斗数全书》迁移宫论
zq_314,迁移,ziwei,迁移,外出多变，奔波劳碌,破军变动，坐迁移宫主外出奔波劳碌,《紫微斗数全书》迁移宫论
zq_320,迁移,ziwei,迁移,天马坐迁移宫——外出奔波、迁移,天马主动坐迁移，主外出奔波,《紫微斗数全书》辅星论
xg_505,十神,bazi,性格,伤官见官 → 口舌是非、爱投诉、易发脾气、不易信人（伤官主表达，官星受制则表达失控取是非象）,伤官见官主口舌是非（《渊海子平》伤官见官为祸百端）——投射到性格行为=爱抱怨/易怒,《渊海子平》伤官见官为祸百端——口舌是非
xg_506,十神,bazi,性格,偏印旺 → 鬼主意多、做事走捷径、耍小聪明（枭神主偏门智慧，行为上取巧/非正统）,枭神主偏门智慧（《渊海子平》枭神论）——偏门智慧的行为取象=走捷径/小聪明,《渊海子平》枭神论：偏门智慧
xg_507,十神,bazi,性格,食伤透+印星透 → 外冷内热/习惯付出（印主内敛冷淡为外象，食伤主付出表达为内象）,印主内敛+食伤主表达（《子平真诠》十神性情）——双透取合象：外冷内热,《子平真诠》十神性情：印主内敛食伤主表达
xg_508,十神,bazi,性格,印旺被财破 → 被动顺从/缺主见（印主仁慈但荫庇被财破，仁慈无所依）,财坏印主荫庇失效（《子平真诠》财坏印）——印之仁慈被动无靠山→缺主见,《子平真诠》财坏印——荫庇失效
cai_311,十神,bazi,财运,偏印旺+比劫旺+驿马 → 被人欺骗失财（偏印主欺诈，比劫主争夺者，驿马主流动中被动）,偏印欺诈+比劫争夺+驿马流动（《三命通会》）——三合象=被骗,《三命通会》偏印比劫驿马合象——被骗失财
zj_320,疾厄,ziwei,健康,疾厄宫天同+天梁 → 慢性病/长期服药（天同=福星懒散主慢性，天梁=荫星医药主长期）,天同天梁双星入疾厄（《紫微斗数全书》疾厄宫双星论）——天同懒散主慢性+天梁医药主长期,《紫微斗数全书》疾厄宫双星论——天同天梁主慢性病需长期医药
yj_220,年十神,bazi,流年牢狱,七杀旺+身弱+三刑+印星弱 → 牢狱/官非候选（七杀攻身无印化，三刑主刑伤）,七杀攻身+三刑成局+印星无救（《三命通会》）——三证齐备为牢狱候选,《三命通会》七杀攻身三刑成局印星无救主牢狱
ys_220,年用神,bazi,流年事业升,官杀为用+流年官星透干 → 事业突破/升迁/新机会（用神临应吉）,官杀为用神时官星临流年=用神得地（《子平真诠》用神临应吉）——事业/权柄提升,《子平真诠》用神临应吉——官杀为用官星临主事业突破
ys_221,年用神,bazi,流年事业挫,官杀为忌+流年七杀攻身 → 事业挫折/降职/压力大（忌神攻身应凶）,官杀为忌神时七杀攻身=忌神克体（《子平真诠》忌神攻身）——事业受挫,《子平真诠》忌神攻身——七杀攻身主事业挫折
hun_109,十神,bazi,婚姻状态,原局配偶星不现，比劫旺争财，华盖入命主孤高——婚缘极薄，晚婚或独身倾向,财星不现+比劫争妻+华盖主孤（《渊海子平》财星论+《三命通会》华盖论）——三象叠加婚缘极薄,《渊海子平》财星不现比劫旺主妻缘难觅；《三命通会》华盖临命主孤高
hun_110,十神,bazi,婚姻状态,配偶星不现，华盖入命——婚缘不显，晚婚或独身倾向,配偶星不现婚缘不显+华盖主孤（《渊海子平》财官不现主婚迟+《三命通会》华盖主孤）,《三命通会》华盖主孤；《渊海子平》财官不现主婚迟
hun_111,十神,bazi,婚姻状态,夫星不现，华盖入命——婚缘不显，独身倾向,官杀不现夫缘虚+华盖主孤（《渊海子平》官杀论+《三命通会》华盖论）,《三命通会》华盖主孤；《渊海子平》官杀不现主夫缘虚
yliu_110,年六亲,bazi,流年母灾,流年克母星——印星（母）受克，母灾候选（母健康/安全凶年）,流年干支克印星五行→母星受克（《滴天髓》六亲星受克；正印为母，受克主母灾）,《滴天髓》六亲星受克主六亲灾
yliu_111,年六亲,bazi,流年父灾,流年克父星——偏财（父）受克，父灾候选（父健康/安全/财务凶年）,流年干支克偏财五行→父星受克（《滴天髓》六亲星受克；偏财为父，受克主父灾）,《滴天髓》六亲星受克主六亲灾
jk_401,年合会,bazi,流年健康,流年支冲日支——被冲克五行对应脏腑受制（水=肾/脑/髓/骨，火=心/血/目，木=肝/胆/筋，金=肺/肠/皮，土=脾/胃/肉）,流年冲日支=自身健康冲击；被冲克五行的对应脏腑为手术/疾病部位（《黄帝内经》五行五脏；dayun.md 手术部位=被冲克的五行对应脏腑）,《黄帝内经》五行五脏：肝木心火脾土肺金肾水
yj_230,年神煞,bazi,流年重病,流年羊刃+灾煞+病符三煞齐临——自身重病/手术候选（血光+灾祸+疾病同临）,羊刃主血光刀伤，灾煞主灾祸意外，病符主疾病（三煞齐临自身健康大凶）,《三命通会》羊刃主血光、灾煞主灾、病符主病——三煞齐临主重病
ymar_130,年神煞,bazi,流年玄学感应,本命华盖偏印+流年桃花——通灵/玄学感应/偏门直觉候选（华盖主玄学，偏印主第六感，桃花引动感应）,华盖主孤高玄学+偏印主偏门第六感+流年桃花引动感应（《三命通会》华盖偏印论）,《三命通会》华盖主玄学；《渊海子平》偏印主偏门第六感
ycai_120,年神煞,bazi,流年得财,流年天乙贵人+迁移宫化禄——贵人相助异地得财/意外机遇（贵人+外出吉→异地机遇引财）,天乙贵人主贵人相助+迁移禄主异地得利（《三命通会》天乙贵人论+《紫微斗数全书》迁移四化）,《三命通会》天乙贵人吉神第一；《紫微斗数全书》迁移禄主外出得利
ys_230,年用神,bazi,流年事业升,本命官杀为用+流年天乙贵人——事业突破/荣誉/得奖候选（用神得贵人引动主贵）,官杀为用主贵+天乙贵人主机遇（《子平真诠》用神论+《三命通会》天乙贵人论）,《子平真诠》用神临应吉；《三命通会》天乙贵人主贵助
ymar_131,年六亲,bazi,流年配偶凶,流年配偶星受克+值年吊客——配偶重病/死亡候选（配偶星受灾+吊客主丧）,配偶星受克主配偶灾+吊客主丧事（《滴天髓》六亲星受克+《协纪辨方书》吊客）,《滴天髓》六亲星受克主灾；《协纪辨方书》吊客主丧事
yj_231,年神煞,bazi,流年意外,流年迁移宫化忌+驿马/大耗——出行/交通意外候选（迁移忌主出行不利+驿马主变动）,迁移宫忌主出行不利+驿马主交通变动或大耗主意外损耗（《紫微斗数全书》迁移四化+《三命通会》驿马大耗）,《紫微斗数全书》迁移忌主出行不利；《三命通会》驿马主变动大耗主损耗
yliu_112,年合会,bazi,流年母逝,流年年柱干伏吟+流年克母星——母逝候选（年柱父母宫伏吟+印星受克=母星入墓）,年柱为父母宫伏吟主父母变动+印星受克主母灾（《三命通会》伏吟主变动+《滴天髓》印星为母受克主灾）,《三命通会》伏吟反吟泪吟吟；《滴天髓》印星为母受克主母灾
hun_412,十神,bazi,婚姻质量,夫妻宫被冲但逢合解（冲被合绊/天干合解冲）——婚姻有波折但可维持，不判离婚,冲而遇合则解（《三命通会》冲合论：冲被合解则冲击力减，婚姻不至于破裂）,《三命通会》冲而遇合则解——有合解冲则不构成实际婚变
cai_312,十神,bazi,财运,身强+财星透干+食伤生财——财运顺畅，收入稳定增长（身旺任财+食伤为财源）,身旺能任财+食伤生财为财源不绝（《渊海子平》身财两停主富；《滴天髓》食伤生财务）,《渊海子平》身财两停食伤生财主富
cai_313,大运,bazi,财运,大运财星为忌神——当前经济压力大（忌神攻财，财为负担非财富）,财为忌时见财即耗（《渊海子平》用神论：忌神临限主破耗压力）,《渊海子平》忌神临限主破耗
fam_120,出身,bazi,出身贫富,财星得地但比劫旺夺财——家境先裕后损（出生时有家底，后因竞争/合伙/破耗而中落）,财得地→有家底；比劫夺财→财被分夺（《渊海子平》劫财夺财主家道中落）,《渊海子平》劫财夺财主家道中落
zv_300,六亲,bazi,子女性别,时柱天干为食神——子女以女为主（食神阴柔主女，时柱为子女宫主位）,时柱为子女宫，时干十神定子女性别（《渊海子平》论子女：食神主女）,《渊海子平》论子女：食神主女
zv_301,六亲,bazi,子女性别,时柱天干为伤官——子女以男为主（伤官阳刚主男，时柱为子女宫主位）,时柱为子女宫，时干十神定子女性别（《渊海子平》论子女：伤官主男）,《渊海子平》论子女：伤官主男
liu_204,六亲,bazi,母星状态,母星得地旺相且不受克——母亲康寿、荫庇厚（印旺主母寿长）,印星(母)得地旺相主母寿（《渊海子平》六亲论：印绶旺相主母康健）,《渊海子平》六亲论：印绶旺相主母康健荫庇厚
yj_232,年神煞,bazi,流年穷困,流年忌神攻身+病符+大耗——穷困潦倒候选（忌神攻+疾病+破耗=贫病交加）,忌神攻身主困厄+病符主病+大耗主破财（《滴天髓》忌神攻身+《协纪辨方书》病符大耗）,《滴天髓》忌神攻身主困厄；《协纪辨方书》病符大耗主贫病
hun_420,年六亲,bazi,流年婚动,流年配偶星+子女星双透干——奉子成婚候选（配偶星子女星同动=因孕成婚）,配偶星子女星同透=婚恋+生育同年（《渊海子平》夫妻星子女星同动论）,《渊海子平》夫妻星子女星同动主因孕成婚
liu_205,六亲,bazi,父星状态,年柱官杀+偏财得地——父亲有社会地位/公职人员（年柱祖上宫官杀主贵+偏财父星得地）,年柱官杀主祖上有贵+偏财得地主父荣（《三命通会》年柱官杀论+《渊海子平》偏财得地）,《三命通会》年柱官杀主祖上贵；《渊海子平》偏财得地主父荣
wai_201,外貌,bazi,身材,木日主——体态修长偏瘦（木主条达修长，肝木主筋主身高）,木形人修长（《黄帝内经》五形人论；木主筋主生长）,《黄帝内经》五形人论：木形人修长
xue_310,十神,bazi,学历层次,印星透根+官印相生——学历高档（大学以上，印旺官贵主高学位）,印绶主学+官印相生主贵（《三命通会》印绶论：印旺官贵主高学位）,《三命通会》印绶论：印旺官贵主高学位
xue_311,十神,bazi,学历层次,印星弱——学历一般（中学/中专级别，印弱主学途受阻）,印弱学途受阻+财坏印主学业中断（《三命通会》印绶论：印弱财坏主学历不高）,《三命通会》印绶论：印弱财坏主学历不高
