id,事件,主妇信号,稳定组合,食伤生财,身弱,官杀有力,身强中和,官印相生,官杀为用,食伤旺,财透有根,结论,依据,经典原文
shi_101,事业档位,1,,,,,,,,,,女命官星得地（夫星旺）+ 无食伤透（不事外职）——持家为主,女命官星得地（夫星旺）+ 无食伤透（不事外职）→ 持家为主（S4）,《女命赋》：女命官星得地而无食伤透干主持家（主妇）
shi_102,事业档位,0,1,,,,,,,,,官透 + 比劫旺 + 无食伤 + 非主妇——循规安分，一份工做到退休,官透 + 比劫旺 + 无食伤 + 非主妇 → 循规安分，一份工做到退休（S5）；女命主妇者不判打工（0016）,《子平真诠》官印论：官透比劫旺而无食伤生财主循规安分（稳定）
shi_103,事业档位,,,1,1,,,,,,,技术/专业,身弱食伤泄秀 → 以专业技能立身（工程师/专家/手艺）（《滴天髓》食伤泄秀）,《滴天髓》食伤泄秀）
shi_104,事业档位,,,1,,1,1,,,,,食伤生财 + 官杀有力身强——经商兼掌事,食伤生财 + 官杀有力身强 → 经商兼掌事,《滴天髓》食伤生财：食伤生财而比劫旺主老板兼管理层
shi_105,事业档位,,,1,,,,,,,,食伤生财（食伤透+财有根）——自我经营,食伤生财（食伤透+财有根）→ 自我经营,《滴天髓》食伤生财：食伤生财主经商/创业（老板）
shi_106,事业档位,,,,,,,1,,,,公职/稳定,官印相生（官透+印透/印得令）→ 体制内稳定（S2）,《子平真诠》官印相生：官印相生主公职/体制内
shi_107,事业档位,,,,,1,,0,1,0,,官杀有力 + 官杀为用 + 非官印相生 + 非食伤旺——掌权之象,官杀有力 + 官杀为用（身强喜官杀制）+ 非官印相生 + 非食伤旺 → 掌权（S3，《滴天髓》用神为枢）；身弱官杀为忌者不掌权（0088 身弱走老板）、食伤旺者技术/老板（0050 稳定）,《滴天髓》用神为枢）
shi_108,事业档位,0,,,,,,,,,1,财透有根 + 非主妇——工作有财,财透有根 + 非主妇 → 工作有财；女命主妇者不判打工（0016）,《滴天髓》财星论：财透有根而无比劫夺财主工作有积蓄（打工）
shi_109,事业档位,0,0,0,,0,,0,,,0,普通打工,,《子平真诠》十神论：官杀/食伤/财皆不显主普通打工
