id,事件,gender,印星现,印透,印星得地,印星得令,印星旺,印星多,官杀透,官杀得令,官杀多,食伤透,食伤有根,财坏印,官印相生,枭神夺食,身强,身弱,结论,依据,经典原文
xue_201,学历层次,,,,,,1,0,,1,,,,,,,,,印星得月令而旺 + 官杀得令——官印相生成格，科甲至顶,印星得月令而旺 + 官杀得令（官印相生）→ 科甲至顶（《三命通会》官印相生主科甲；0027）,《三命通会》官印相生主科甲
xue_202,学历层次,,,1,,,,,1,,,,,0,,,,,印星透干 + 官杀透干——印绶得用，成学有望,印星透干 + 官杀透干（官印相生）→ 印绶得用成学（《渊海子平》官印相生；0006）,《渊海子平》官印相生
xue_203,学历层次,,0,,,,,,1,,1,,,,,,,,原局无印 + 食伤透 + 官杀透——秀气泄才 + 官星引学,原局无印 + 食伤透 + 官杀透 → 秀气泄才 + 官星引学（《三命通会》食伤主才学；0082）,《三命通会》食伤主才学
xue_204,学历层次,,0,,,,,,,,1,1,,,,,,,原局无印 + 食伤透而有根——秀气泄才，成学之象,原局无印 + 食伤透而有根 → 秀气泄才成学（《三命通会》食伤主才学；0082）,《三命通会》食伤主才学
xue_205,学历层次,,,0,,,,,,,,,,1,,,,,财透坏印（印绶被财破）——学途中断,财透坏印（印绶被财破）→ 学途中断（《三命通会》财星坏印主学途受阻；0025）；印透者印重走小学（0057）,《三命通会》财星坏印主学途受阻
xue_206,学历层次,,,,,,,,,1,,1,,1,,,,,财坏印 + 官杀得令 + 食伤透（泄秀补救）——学可至中学,财坏印 + 官杀得令 + 食伤透（泄秀补救）→ 学至中学（0072）,《三命通会》财坏印学途受阻、食伤泄秀补救
xue_207,学历层次,,,,,,,,,1,,0,,1,,,,,财坏印 + 官杀得令 + 无食伤泄秀——压力求学，学历中低,财坏印 + 官杀得令 + 无食伤泄秀 → 压力求学学历中低（0111）,《三命通会》财坏印学途受阻
xue_208,学历层次,,,,,,,1,,1,,0,,,,,,,印星多（杂）主愚 + 官杀得令 + 无食伤泄秀——学历中低,印星多（杂）主愚 + 官杀得令 + 无食伤泄秀 → 学历中低（《子平真诠》印绶太多则身强印杂；0156）,《子平真诠》印绶太多则身强印杂
xue_209,学历层次,,,,,,1,,0,0,,0,,,,,,,印星旺而透 + 无官杀生印无食伤泄秀——印多主愚，学途浅,印星旺而透 + 无官杀生印无食伤泄秀 → 印多主愚、学至小学（《渊海子平》枭印夺食主愚；0057）,《渊海子平》枭印夺食主愚
